date,price
12/29/2006,1.542
12/28/2006,1.582
12/27/2006,1.588
12/26/2006,1.572
12/22/2006,1.623
12/21/2006,1.642
12/20/2006,1.676
12/19/2006,1.701
12/18/2006,1.662
12/15/2006,1.686
12/14/2006,1.665
12/13/2006,1.617
12/12/2006,1.595
12/11/2006,1.599
12/8/2006,1.621
12/7/2006,1.628
12/6/2006,1.621
12/5/2006,1.636
12/4/2006,1.667
12/1/2006,1.686
11/30/2006,1.819
11/29/2006,1.671
11/28/2006,1.627
11/27/2006,1.594
11/22/2006,1.589
11/21/2006,1.633
11/20/2006,1.554
11/17/2006,1.541
11/16/2006,1.53
11/15/2006,1.582
11/14/2006,1.545
11/13/2006,1.537
11/10/2006,1.563
11/9/2006,1.601
11/8/2006,1.564
11/7/2006,1.524
11/6/2006,1.529
11/3/2006,1.507
11/2/2006,1.453
11/1/2006,1.463
10/31/2006,1.465
10/30/2006,1.456
10/27/2006,1.56
10/26/2006,1.564
10/25/2006,1.592
10/24/2006,1.538
10/23/2006,1.472
10/20/2006,1.467
10/19/2006,1.489
10/18/2006,1.47
10/17/2006,1.463
10/16/2006,1.492
10/13/2006,1.468
10/12/2006,1.451
10/11/2006,1.45
10/10/2006,1.467
10/9/2006,1.495
10/6/2006,1.504
10/5/2006,1.517
10/4/2006,1.498
10/3/2006,1.457
10/2/2006,1.509
09/29/2006,1.549
09/28/2006,1.501
09/27/2006,1.54
09/26/2006,1.492
09/25/2006,1.5
09/22/2006,1.471
09/21/2006,1.499
09/20/2006,1.467
09/19/2006,1.504
09/18/2006,1.58
09/15/2006,1.575
09/14/2006,1.552
09/13/2006,1.553
09/12/2006,1.552
09/11/2006,1.595
09/8/2006,1.609
09/7/2006,1.642
09/6/2006,1.64
09/5/2006,1.647
09/1/2006,1.734
08/31/2006,1.75
08/30/2006,1.802
08/29/2006,1.789
08/28/2006,1.783
08/25/2006,1.895
08/24/2006,1.862
08/23/2006,1.859
08/22/2006,1.939
08/21/2006,1.937
08/18/2006,1.967
08/17/2006,1.932
08/16/2006,1.978
08/15/2006,1.992
08/14/2006,1.991
08/11/2006,2.064
08/10/2006,1.989
08/9/2006,2.172
08/8/2006,2.226
08/7/2006,2.252
08/4/2006,2.232
08/3/2006,2.293
08/2/2006,2.338
08/1/2006,2.276
07/31/2006,2.229
07/28/2006,2.234
07/27/2006,2.296
07/26/2006,2.296
07/25/2006,2.285
07/24/2006,2.314
07/21/2006,2.289
07/20/2006,2.248
07/19/2006,2.23
07/18/2006,2.267
07/17/2006,2.285
07/14/2006,2.325
07/13/2006,2.301
07/12/2006,2.256
07/11/2006,2.193
07/10/2006,2.175
07/7/2006,2.239
07/6/2006,2.259
07/5/2006,2.276
06/30/2006,2.202
06/29/2006,2.295
06/28/2006,2.206
06/27/2006,2.199
06/26/2006,2.179
06/23/2006,2.128
06/22/2006,2.118
06/21/2006,2.066
06/20/2006,2.006
06/19/2006,1.991
06/16/2006,2.038
06/15/2006,2.04
06/14/2006,2.036
06/13/2006,2.052
06/12/2006,2.124
06/9/2006,2.153
06/8/2006,2.102
06/7/2006,2.124
06/6/2006,2.179
06/5/2006,2.164
06/2/2006,2.198
06/1/2006,2.127
05/31/2006,2.141
05/30/2006,2.15
05/26/2006,2.137
05/25/2006,2.104
05/24/2006,2.019
05/23/2006,2.108
05/22/2006,2.057
05/19/2006,2.038
05/18/2006,2.015
05/17/2006,1.975
05/16/2006,2.026
05/15/2006,2.054
05/12/2006,2.179
05/11/2006,2.22
05/10/2006,2.169
05/9/2006,2.047
05/8/2006,2.004
05/5/2006,2.041
05/4/2006,1.995
05/3/2006,2.086
05/2/2006,2.175
05/1/2006,2.147
04/28/2006,2.092
04/27/2006,2.072
04/26/2006,2.134
04/25/2006,2.129
04/24/2006,2.174
04/21/2006,2.238
04/20/2006,2.215
04/19/2006,2.239
04/18/2006,2.224
04/17/2006,2.17
04/13/2006,2.108
04/12/2006,2.091
04/11/2006,2.054
04/10/2006,2.009
04/7/2006,1.977
04/6/2006,2
04/5/2006,1.947
04/4/2006,1.896
04/3/2006,1.863
03/31/2006,1.946
03/30/2006,1.996
03/29/2006,1.954
03/28/2006,1.885
03/27/2006,1.829
03/24/2006,1.823
03/23/2006,1.816
03/22/2006,1.737
03/21/2006,1.84
03/20/2006,1.83
03/17/2006,1.86
03/16/2006,1.874
03/15/2006,1.829
03/14/2006,1.866
03/13/2006,1.743
03/10/2006,1.688
03/9/2006,1.72
03/8/2006,1.65
03/7/2006,1.633
03/6/2006,1.656
03/3/2006,1.743
03/2/2006,1.693
03/1/2006,1.622
02/28/2006,1.556
02/27/2006,1.525
02/24/2006,1.551
02/23/2006,1.513
02/22/2006,1.475
02/21/2006,1.476
02/17/2006,1.503
02/16/2006,1.412
02/15/2006,1.385
02/14/2006,1.385
02/13/2006,1.431
02/10/2006,1.462
02/9/2006,1.514
02/8/2006,1.548
02/7/2006,1.594
02/6/2006,1.644
02/3/2006,1.682
02/2/2006,1.666
02/1/2006,1.729
01/31/2006,1.726
01/30/2006,1.775
01/27/2006,1.736
01/26/2006,1.684
01/25/2006,1.665
01/24/2006,1.744
01/23/2006,1.793
01/20/2006,1.817
01/19/2006,1.776
01/18/2006,1.773
01/17/2006,1.823
01/13/2006,1.731
01/12/2006,1.719
01/11/2006,1.733
01/10/2006,1.737
01/9/2006,1.768
01/6/2006,1.816
01/5/2006,1.787
01/4/2006,1.785
01/3/2006,1.751
12/30/2005,1.71
12/29/2005,1.652
12/28/2005,1.591
12/27/2005,1.513
12/23/2005,1.551
12/22/2005,1.541
12/21/2005,1.536
12/20/2005,1.509
12/19/2005,1.527
12/16/2005,1.569
12/15/2005,1.617
12/14/2005,1.641
12/13/2005,1.646
12/12/2005,1.647
12/9/2005,1.605
12/8/2005,1.627
12/7/2005,1.568
12/6/2005,1.584
12/5/2005,1.59
12/2/2005,1.611
12/1/2005,1.563
11/30/2005,1.425
11/29/2005,1.395
11/28/2005,1.418
11/23/2005,1.458
11/22/2005,1.488
11/21/2005,1.457
11/18/2005,1.462
11/17/2005,1.46
11/16/2005,1.483
11/15/2005,1.456
11/14/2005,1.496
11/11/2005,1.485
11/10/2005,1.507
11/9/2005,1.551
11/8/2005,1.562
11/7/2005,1.556
11/4/2005,1.608
11/3/2005,1.627
11/2/2005,1.569
11/1/2005,1.604
10/31/2005,1.526
10/28/2005,1.624
10/27/2005,1.593
10/26/2005,1.585
10/25/2005,1.654
10/24/2005,1.582
10/21/2005,1.64
10/20/2005,1.613
10/19/2005,1.676
10/18/2005,1.735
10/17/2005,1.815
10/14/2005,1.749
10/13/2005,1.758
10/12/2005,1.828
10/11/2005,1.833
10/10/2005,1.801
10/7/2005,1.829
10/6/2005,1.841
10/5/2005,1.908
10/4/2005,2.016
10/3/2005,2.062
09/30/2005,2.138
09/29/2005,2.252
09/28/2005,2.339
09/27/2005,2.166
09/26/2005,2.129
09/23/2005,2.086
09/22/2005,2.139
09/21/2005,2.053
09/20/2005,1.977
09/19/2005,2.043
09/16/2005,1.785
09/15/2005,1.899
09/14/2005,1.937
09/13/2005,1.892
09/12/2005,1.874
09/9/2005,1.96
09/8/2005,2.036
09/7/2005,2.022
09/6/2005,2.055
09/2/2005,2.184
09/1/2005,2.409
08/31/2005,2.615
08/30/2005,2.475
08/29/2005,2.061
08/26/2005,1.927
08/25/2005,1.964
08/24/2005,1.926
08/23/2005,1.858
08/22/2005,1.862
08/19/2005,1.904
08/18/2005,1.863
08/17/2005,1.891
08/16/2005,1.984
08/15/2005,1.962
08/12/2005,2.005
08/11/2005,1.95
08/10/2005,1.896
08/9/2005,1.822
08/8/2005,1.857
08/5/2005,1.832
08/4/2005,1.802
08/3/2005,1.771
08/2/2005,1.782
08/1/2005,1.747
07/29/2005,1.739
07/28/2005,1.722
07/27/2005,1.716
07/26/2005,1.696
07/25/2005,1.706
07/22/2005,1.728
07/21/2005,1.681
07/20/2005,1.676
07/19/2005,1.674
07/18/2005,1.647
07/15/2005,1.688
07/14/2005,1.694
07/13/2005,1.754
07/12/2005,1.775
07/11/2005,1.732
07/8/2005,1.763
07/7/2005,1.806
07/6/2005,1.79
07/5/2005,1.682
07/1/2005,1.649
06/30/2005,1.572
06/29/2005,1.585
06/28/2005,1.625
06/27/2005,1.675
06/24/2005,1.656
06/23/2005,1.657
06/22/2005,1.613
06/21/2005,1.627
06/20/2005,1.646
06/17/2005,1.647
06/16/2005,1.598
06/15/2005,1.563
06/14/2005,1.541
06/13/2005,1.554
06/10/2005,1.544
06/9/2005,1.571
06/8/2005,1.498
06/7/2005,1.516
06/6/2005,1.53
06/3/2005,1.557
06/2/2005,1.515
06/1/2005,1.544
05/31/2005,1.469
05/27/2005,1.475
05/26/2005,1.448
05/25/2005,1.452
05/24/2005,1.427
05/23/2005,1.399
05/20/2005,1.419
05/19/2005,1.436
05/18/2005,1.414
05/17/2005,1.435
05/16/2005,1.405
05/13/2005,1.412
05/12/2005,1.432
05/11/2005,1.482
05/10/2005,1.51
05/9/2005,1.487
05/6/2005,1.476
05/5/2005,1.479
05/4/2005,1.466
05/3/2005,1.459
05/2/2005,1.515
04/29/2005,1.493
04/28/2005,1.549
04/27/2005,1.542
04/26/2005,1.625
04/25/2005,1.651
04/22/2005,1.652
04/21/2005,1.62
04/20/2005,1.581
04/19/2005,1.57
04/18/2005,1.494
04/15/2005,1.484
04/14/2005,1.504
04/13/2005,1.484
04/12/2005,1.534
04/11/2005,1.55
04/8/2005,1.537
04/7/2005,1.568
04/6/2005,1.659
04/5/2005,1.688
04/4/2005,1.722
04/1/2005,1.731
03/31/2005,1.655
03/30/2005,1.596
03/29/2005,1.573
03/28/2005,1.573
03/24/2005,1.599
03/23/2005,1.575
03/22/2005,1.575
03/21/2005,1.596
03/18/2005,1.576
03/17/2005,1.562
03/16/2005,1.548
03/15/2005,1.507
03/14/2005,1.507
03/11/2005,1.518
03/10/2005,1.483
03/9/2005,1.533
03/8/2005,1.535
03/7/2005,1.505
03/4/2005,1.509
03/3/2005,1.508
03/2/2005,1.484
03/1/2005,1.403
02/28/2005,1.246
02/25/2005,1.255
02/24/2005,1.284
02/23/2005,1.311
02/22/2005,1.309
02/18/2005,1.263
02/17/2005,1.237
02/16/2005,1.283
02/15/2005,1.256
02/14/2005,1.278
02/11/2005,1.284
02/10/2005,1.295
02/9/2005,1.237
02/8/2005,1.216
02/7/2005,1.212
02/4/2005,1.261
02/3/2005,1.268
02/2/2005,1.294
02/1/2005,1.315
01/31/2005,1.318
01/28/2005,1.308
01/27/2005,1.352
01/26/2005,1.359
01/25/2005,1.345
01/24/2005,1.299
01/21/2005,1.3
01/20/2005,1.258
01/19/2005,1.263
01/18/2005,1.262
01/14/2005,1.276
01/13/2005,1.255
01/12/2005,1.219
01/11/2005,1.21
01/10/2005,1.208
01/7/2005,1.214
01/6/2005,1.223
01/5/2005,1.171
01/4/2005,1.172
01/3/2005,1.132
12/30/2004,1.089
12/29/2004,1.084
12/28/2004,1.046
12/27/2004,1.041
12/23/2004,1.129
12/22/2004,1.146
12/21/2004,1.167
12/20/2004,1.152
12/17/2004,1.19
12/16/2004,1.138
12/15/2004,1.162
12/14/2004,1.11
12/13/2004,1.101
12/10/2004,1.08
12/9/2004,1.111
12/8/2004,1.088
12/7/2004,1.087
12/6/2004,1.13
12/3/2004,1.135
12/2/2004,1.141
12/1/2004,1.201
11/30/2004,1.264
11/29/2004,1.303
11/24/2004,1.296
11/23/2004,1.306
11/22/2004,1.289
11/19/2004,1.311
11/18/2004,1.238
11/17/2004,1.256
11/16/2004,1.222
11/15/2004,1.238
11/12/2004,1.257
11/11/2004,1.244
11/10/2004,1.285
11/9/2004,1.234
11/8/2004,1.275
11/5/2004,1.287
11/4/2004,1.277
11/3/2004,1.328
11/2/2004,1.288
11/1/2004,1.291
10/29/2004,1.315
10/28/2004,1.293
10/27/2004,1.336
10/26/2004,1.413
10/25/2004,1.398
10/22/2004,1.438
10/21/2004,1.412
10/20/2004,1.403
10/19/2004,1.357
10/18/2004,1.35
10/15/2004,1.409
10/14/2004,1.42
10/13/2004,1.408
10/12/2004,1.38
10/11/2004,1.405
10/8/2004,1.412
10/7/2004,1.402
10/6/2004,1.388
10/5/2004,1.367
10/4/2004,1.337
10/1/2004,1.352
09/30/2004,1.344
09/29/2004,1.336
09/28/2004,1.358
09/27/2004,1.346
09/24/2004,1.348
09/23/2004,1.343
09/22/2004,1.343
09/21/2004,1.29
09/20/2004,1.275
09/17/2004,1.27
09/16/2004,1.226
09/15/2004,1.214
09/14/2004,1.24
09/13/2004,1.201
09/10/2004,1.164
09/9/2004,1.225
09/8/2004,1.182
09/7/2004,1.179
09/3/2004,1.207
09/2/2004,1.193
09/1/2004,1.189
08/31/2004,1.129
08/30/2004,1.14
08/27/2004,1.177
08/26/2004,1.163
08/25/2004,1.195
08/24/2004,1.26
08/23/2004,1.258
08/20/2004,1.267
08/19/2004,1.324
08/18/2004,1.297
08/17/2004,1.306
08/16/2004,1.305
08/13/2004,1.347
08/12/2004,1.298
08/11/2004,1.262
08/10/2004,1.235
08/9/2004,1.24
08/6/2004,1.235
08/5/2004,1.244
08/4/2004,1.203
08/3/2004,1.287
08/2/2004,1.286
07/30/2004,1.3
07/29/2004,1.275
07/28/2004,1.295
07/27/2004,1.244
07/26/2004,1.247
07/23/2004,1.279
07/22/2004,1.257
07/21/2004,1.243
07/20/2004,1.246
07/19/2004,1.292
07/16/2004,1.301
07/15/2004,1.32
07/14/2004,1.316
07/13/2004,1.285
07/12/2004,1.3
07/9/2004,1.322
07/8/2004,1.328
07/7/2004,1.274
07/6/2004,1.272
07/2/2004,1.244
07/1/2004,1.226
06/30/2004,1.156
06/29/2004,1.124
06/28/2004,1.145
06/25/2004,1.206
06/24/2004,1.222
06/23/2004,1.202
06/22/2004,1.199
06/21/2004,1.162
06/18/2004,1.197
06/17/2004,1.187
06/16/2004,1.146
06/15/2004,1.15
06/14/2004,1.153
06/10/2004,1.188
06/9/2004,1.167
06/8/2004,1.166
06/7/2004,1.201
06/4/2004,1.178
06/3/2004,1.235
06/2/2004,1.282
06/1/2004,1.353
05/28/2004,1.437
05/27/2004,1.385
05/26/2004,1.419
05/25/2004,1.417
05/24/2004,1.458
05/21/2004,1.417
05/20/2004,1.45
05/19/2004,1.45
05/18/2004,1.387
05/17/2004,1.417
05/14/2004,1.41
05/13/2004,1.401
05/12/2004,1.374
05/11/2004,1.322
05/10/2004,1.296
05/7/2004,1.339
05/6/2004,1.312
05/5/2004,1.313
05/4/2004,1.306
05/3/2004,1.262
04/30/2004,1.247
04/29/2004,1.244
04/28/2004,1.227
04/27/2004,1.207
04/26/2004,1.182
04/23/2004,1.165
04/22/2004,1.182
04/21/2004,1.134
04/20/2004,1.158
04/19/2004,1.165
04/16/2004,1.171
04/15/2004,1.179
04/14/2004,1.155
04/13/2004,1.156
04/12/2004,1.18
04/8/2004,1.151
04/7/2004,1.113
04/6/2004,1.073
04/5/2004,1.059
04/2/2004,1.072
04/1/2004,1.076
03/31/2004,1.124
03/30/2004,1.156
03/29/2004,1.118
03/26/2004,1.129
03/25/2004,1.105
03/24/2004,1.146
03/23/2004,1.147
03/22/2004,1.129
03/19/2004,1.156
03/18/2004,1.153
03/17/2004,1.158
03/16/2004,1.126
03/15/2004,1.132
03/12/2004,1.097
03/11/2004,1.12
03/10/2004,1.07
03/9/2004,1.059
03/8/2004,1.084
03/5/2004,1.125
03/4/2004,1.105
03/3/2004,1.096
03/2/2004,1.143
03/1/2004,1.147
02/27/2004,1.095
02/26/2004,1.077
02/25/2004,1.059
02/24/2004,1.024
02/23/2004,1.028
02/20/2004,1.031
02/19/2004,1.057
02/18/2004,1.05
02/17/2004,1.052
02/13/2004,1.032
02/12/2004,1.006
02/11/2004,1.008
02/10/2004,1.011
02/9/2004,0.968
02/6/2004,0.962
02/5/2004,1.006
02/4/2004,0.986
02/3/2004,1.002
02/2/2004,1.017
01/30/2004,0.98
01/29/2004,0.991
01/28/2004,0.987
01/27/2004,0.988
01/26/2004,1.003
01/23/2004,1.037
01/22/2004,1.055
01/21/2004,1.02
01/20/2004,1.016
01/16/2004,0.995
01/15/2004,0.933
01/14/2004,0.991
01/13/2004,0.998
01/12/2004,1.016
01/9/2004,1.024
01/8/2004,0.99
01/7/2004,0.961
01/6/2004,0.966
01/5/2004,0.977
12/31/2003,0.949
12/30/2003,0.95
12/29/2003,0.912
12/24/2003,0.914
12/23/2003,0.891
12/22/2003,0.872
12/19/2003,0.907
12/18/2003,0.927
12/17/2003,0.919
12/16/2003,0.903
12/15/2003,0.903
12/12/2003,0.9
12/11/2003,0.864
12/10/2003,0.867
12/9/2003,0.865
12/8/2003,0.873
12/5/2003,0.851
12/4/2003,0.86
12/3/2003,0.856
12/2/2003,0.842
12/1/2003,0.822
11/26/2003,0.837
11/25/2003,0.824
11/24/2003,0.835
11/21/2003,0.879
11/20/2003,0.881
11/19/2003,0.904
11/18/2003,0.916
11/17/2003,0.87
11/14/2003,0.892
11/13/2003,0.869
11/12/2003,0.854
11/11/2003,0.844
11/10/2003,0.824
11/7/2003,0.833
11/6/2003,0.814
11/5/2003,0.824
11/4/2003,0.784
11/3/2003,0.787
10/31/2003,0.803
10/30/2003,0.8
10/29/2003,0.831
10/28/2003,0.83
10/27/2003,0.828
10/24/2003,0.837
10/23/2003,0.836
10/22/2003,0.821
10/21/2003,0.849
10/20/2003,0.859
10/17/2003,0.849
10/16/2003,0.876
10/15/2003,0.884
10/14/2003,0.89
10/13/2003,0.877
10/10/2003,0.891
10/9/2003,0.882
10/8/2003,0.831
10/7/2003,0.836
10/6/2003,0.843
10/3/2003,0.851
10/2/2003,0.821
10/1/2003,0.805
09/30/2003,0.887
09/29/2003,0.845
09/26/2003,0.887
09/25/2003,0.876
09/24/2003,0.865
09/23/2003,0.81
09/22/2003,0.8
09/19/2003,0.787
09/18/2003,0.802
09/17/2003,0.795
09/16/2003,0.835
09/15/2003,0.859
09/12/2003,0.845
09/11/2003,0.846
09/10/2003,0.879
09/9/2003,0.883
09/8/2003,0.863
09/5/2003,0.862
09/4/2003,0.853
09/3/2003,0.841
09/2/2003,0.847
08/29/2003,1.093
08/28/2003,1.051
08/27/2003,1.031
08/26/2003,1.08
08/25/2003,1.116
08/22/2003,1.093
08/21/2003,1.099
08/20/2003,1.004
08/19/2003,0.988
08/18/2003,0.988
08/15/2003,0.999
08/14/2003,0.976
08/13/2003,0.948
08/12/2003,0.956
08/11/2003,0.941
08/8/2003,0.955
08/7/2003,0.964
08/6/2003,0.947
08/5/2003,0.954
08/4/2003,0.927
08/1/2003,0.943
07/31/2003,0.902
07/30/2003,0.909
07/29/2003,0.888
07/28/2003,0.894
07/25/2003,0.899
07/24/2003,0.898
07/23/2003,0.896
07/22/2003,0.888
07/21/2003,0.932
07/18/2003,0.921
07/17/2003,0.891
07/16/2003,0.89
07/15/2003,0.932
07/14/2003,0.942
07/11/2003,0.945
07/10/2003,0.93
07/9/2003,0.94
07/8/2003,0.905
07/7/2003,0.886
07/3/2003,0.884
07/2/2003,0.88
07/1/2003,0.882
06/30/2003,0.87
06/27/2003,0.848
06/26/2003,0.833
06/25/2003,0.856
06/24/2003,0.826
06/23/2003,0.841
06/20/2003,0.852
06/19/2003,0.824
06/18/2003,0.837
06/17/2003,0.85
06/16/2003,0.849
06/13/2003,0.859
06/12/2003,0.891
06/11/2003,0.934
06/10/2003,0.917
06/9/2003,0.897
06/6/2003,0.894
06/5/2003,0.885
06/4/2003,0.864
06/3/2003,0.888
06/2/2003,0.887
05/30/2003,0.868
05/29/2003,0.862
05/28/2003,0.878
05/27/2003,0.895
05/23/2003,0.907
05/22/2003,0.893
05/21/2003,0.868
05/20/2003,0.85
05/19/2003,0.854
05/16/2003,0.879
05/15/2003,0.867
05/14/2003,0.874
05/13/2003,0.845
05/12/2003,0.814
05/9/2003,0.834
05/8/2003,0.808
05/7/2003,0.78
05/6/2003,0.769
05/5/2003,0.792
05/2/2003,0.768
05/1/2003,0.79
04/30/2003,0.843
04/29/2003,0.829
04/28/2003,0.842
04/25/2003,0.884
04/24/2003,0.879
04/23/2003,0.848
04/22/2003,0.877
04/21/2003,0.91
04/17/2003,0.907
04/16/2003,0.873
04/15/2003,0.859
04/14/2003,0.849
04/11/2003,0.85
04/10/2003,0.835
04/9/2003,0.876
04/8/2003,0.838
04/7/2003,0.843
04/4/2003,0.87
04/3/2003,0.872
04/2/2003,0.864
04/1/2003,0.914
03/31/2003,0.944
03/28/2003,0.954
03/27/2003,0.975
03/26/2003,0.924
03/25/2003,0.885
03/24/2003,0.898
03/21/2003,0.853
03/20/2003,0.91
03/19/2003,0.943
03/18/2003,0.962
03/17/2003,1.027
03/14/2003,1.04
03/13/2003,1.058
03/12/2003,1.114
03/11/2003,1.099
03/10/2003,1.128
03/7/2003,1.157
03/6/2003,1.106
03/5/2003,1.101
03/4/2003,1.112
03/3/2003,1.095
02/28/2003,1.038
02/27/2003,1.018
02/26/2003,1.018
02/25/2003,1.008
02/24/2003,1.048
02/21/2003,1.013
02/20/2003,0.966
02/19/2003,1.002
02/18/2003,0.995
02/14/2003,1.022
02/13/2003,1.031
02/12/2003,1.034
02/11/2003,1.056
02/10/2003,1.028
02/7/2003,1.067
02/6/2003,1.028
02/5/2003,1.032
02/4/2003,1.001
02/3/2003,0.957
01/31/2003,0.976
01/30/2003,0.987
01/29/2003,0.971
01/28/2003,0.927
01/27/2003,0.902
01/24/2003,0.923
01/23/2003,0.898
01/22/2003,0.899
01/21/2003,0.901
01/17/2003,0.911
01/16/2003,0.908
01/15/2003,0.904
01/14/2003,0.892
01/13/2003,0.899
01/10/2003,0.872
01/9/2003,0.893
01/8/2003,0.835
01/7/2003,0.842
01/6/2003,0.882
01/3/2003,0.919
01/2/2003,0.883
12/31/2002,0.865
12/30/2002,0.879
12/27/2002,0.933
12/26/2002,0.93
12/24/2002,0.928
12/23/2002,0.919
12/20/2002,0.879
12/19/2002,0.878
12/18/2002,0.875
12/17/2002,0.854
12/16/2002,0.879
12/13/2002,0.84
12/12/2002,0.807
12/11/2002,0.774
12/10/2002,0.789
12/9/2002,0.762
12/6/2002,0.74
12/5/2002,0.753
12/4/2002,0.729
12/3/2002,0.753
12/2/2002,0.744
11/27/2002,0.734
11/26/2002,0.725
11/25/2002,0.716
11/22/2002,0.749
11/21/2002,0.724
11/20/2002,0.713
11/19/2002,0.702
11/18/2002,0.719
11/15/2002,0.697
11/14/2002,0.698
11/13/2002,0.685
11/12/2002,0.698
11/11/2002,0.71
11/8/2002,0.713
11/7/2002,0.701
11/6/2002,0.718
11/5/2002,0.741
11/4/2002,0.774
11/1/2002,0.765
10/31/2002,0.864
10/30/2002,0.828
10/29/2002,0.823
10/28/2002,0.853
10/25/2002,0.861
10/24/2002,0.842
10/23/2002,0.814
10/22/2002,0.799
10/21/2002,0.81
10/18/2002,0.852
10/17/2002,0.84
10/16/2002,0.839
10/15/2002,0.84
10/14/2002,0.85
10/11/2002,0.82
10/10/2002,0.805
10/9/2002,0.82
10/8/2002,0.824
10/7/2002,0.805
10/4/2002,0.797
10/3/2002,0.803
10/2/2002,0.825
10/1/2002,0.827
09/30/2002,0.814
09/27/2002,0.814
09/26/2002,0.808
09/25/2002,0.817
09/24/2002,0.829
09/23/2002,0.843
09/20/2002,0.814
09/19/2002,0.801
09/18/2002,0.798
09/17/2002,0.776
09/16/2002,0.794
09/13/2002,0.806
09/12/2002,0.785
09/11/2002,0.806
09/10/2002,0.799
09/9/2002,0.79
09/6/2002,0.786
09/5/2002,0.777
09/4/2002,0.762
09/3/2002,0.745
08/30/2002,0.814
08/29/2002,0.813
08/28/2002,0.802
08/27/2002,0.818
08/26/2002,0.821
08/23/2002,0.795
08/22/2002,0.797
08/21/2002,0.807
08/20/2002,0.8
08/19/2002,0.791
08/16/2002,0.792
08/15/2002,0.798
08/14/2002,0.776
08/13/2002,0.774
08/12/2002,0.778
08/9/2002,0.755
08/8/2002,0.755
08/7/2002,0.755
08/6/2002,0.775
08/5/2002,0.768
08/2/2002,0.775
08/1/2002,0.762
07/31/2002,0.83
07/30/2002,0.856
07/29/2002,0.832
07/26/2002,0.822
07/25/2002,0.822
07/24/2002,0.823
07/23/2002,0.795
07/22/2002,0.811
07/19/2002,0.839
07/18/2002,0.834
07/17/2002,0.848
07/16/2002,0.845
07/15/2002,0.809
07/12/2002,0.824
07/11/2002,0.798
07/10/2002,0.79
07/9/2002,0.77
07/8/2002,0.761
07/3/2002,0.786
07/2/2002,0.79
07/1/2002,0.792
06/28/2002,0.794
06/27/2002,0.794
06/26/2002,0.785
06/25/2002,0.773
06/24/2002,0.778
06/21/2002,0.756
06/20/2002,0.77
06/19/2002,0.768
06/18/2002,0.777
06/17/2002,0.791
06/14/2002,0.787
06/13/2002,0.779
06/12/2002,0.751
06/11/2002,0.733
06/10/2002,0.738
06/7/2002,0.751
06/6/2002,0.757
06/5/2002,0.751
06/4/2002,0.753
06/3/2002,0.746
05/31/2002,0.738
05/30/2002,0.734
05/29/2002,0.772
05/28/2002,0.759
05/24/2002,0.79
05/23/2002,0.788
05/22/2002,0.797
05/21/2002,0.784
05/20/2002,0.806
05/17/2002,0.804
05/16/2002,0.795
05/15/2002,0.788
05/14/2002,0.826
05/13/2002,0.797
05/10/2002,0.791
05/9/2002,0.775
05/8/2002,0.788
05/7/2002,0.783
05/6/2002,0.775
05/3/2002,0.788
05/2/2002,0.785
05/1/2002,0.805
04/30/2002,0.823
04/29/2002,0.834
04/26/2002,0.814
04/25/2002,0.794
04/24/2002,0.788
04/23/2002,0.802
04/22/2002,0.79
04/19/2002,0.804
04/18/2002,0.811
04/17/2002,0.808
04/16/2002,0.793
04/15/2002,0.786
04/12/2002,0.73
04/11/2002,0.789
04/10/2002,0.834
04/9/2002,0.834
04/8/2002,0.842
04/5/2002,0.817
04/4/2002,0.823
04/3/2002,0.848
04/2/2002,0.87
04/1/2002,0.849
03/28/2002,0.825
03/27/2002,0.821
03/26/2002,0.801
03/25/2002,0.788
03/22/2002,0.801
03/21/2002,0.829
03/20/2002,0.819
03/19/2002,0.832
03/18/2002,0.834
03/15/2002,0.809
03/14/2002,0.8
03/13/2002,0.792
03/12/2002,0.785
03/11/2002,0.791
03/8/2002,0.768
03/7/2002,0.764
03/6/2002,0.74
03/5/2002,0.731
03/4/2002,0.707
03/1/2002,0.706
02/28/2002,0.581
02/27/2002,0.584
02/26/2002,0.573
02/25/2002,0.562
02/22/2002,0.587
02/21/2002,0.584
02/20/2002,0.574
02/19/2002,0.593
02/15/2002,0.611
02/14/2002,0.603
02/13/2002,0.609
02/12/2002,0.602
02/11/2002,0.62
02/8/2002,0.588
02/7/2002,0.57
02/6/2002,0.571
02/5/2002,0.585
02/4/2002,0.593
02/1/2002,0.603
01/31/2002,0.559
01/30/2002,0.553
01/29/2002,0.567
01/28/2002,0.581
01/25/2002,0.583
01/24/2002,0.569
01/23/2002,0.564
01/22/2002,0.548
01/18/2002,0.539
01/17/2002,0.536
01/16/2002,0.559
01/15/2002,0.552
01/14/2002,0.551
01/11/2002,0.573
01/10/2002,0.59
01/9/2002,0.581
01/8/2002,0.61
01/7/2002,0.623
01/4/2002,0.628
01/3/2002,0.605
01/2/2002,0.611
12/31/2001,0.573
12/28/2001,0.586
12/27/2001,0.593
12/26/2001,0.601
12/21/2001,0.559
12/20/2001,0.55
12/19/2001,0.558
12/18/2001,0.55
12/17/2001,0.546
12/14/2001,0.55
12/13/2001,0.521
12/12/2001,0.517
12/11/2001,0.506
12/10/2001,0.511
12/7/2001,0.525
12/6/2001,0.518
12/5/2001,0.542
12/4/2001,0.55
12/3/2001,0.56
11/30/2001,0.534
11/29/2001,0.52
11/28/2001,0.528
11/27/2001,0.538
11/26/2001,0.522
11/21/2001,0.527
11/20/2001,0.528
11/19/2001,0.508
11/16/2001,0.502
11/15/2001,0.488
11/14/2001,0.534
11/13/2001,0.58
11/12/2001,0.576
11/9/2001,0.607
11/8/2001,0.576
11/7/2001,0.546
11/6/2001,0.539
11/5/2001,0.538
11/2/2001,0.544
11/1/2001,0.541
10/31/2001,0.552
10/30/2001,0.569
10/29/2001,0.584
10/26/2001,0.583
10/25/2001,0.586
10/24/2001,0.604
10/23/2001,0.59
10/22/2001,0.598
10/19/2001,0.595
10/18/2001,0.567
10/17/2001,0.58
10/16/2001,0.59
10/15/2001,0.597
10/12/2001,0.601
10/11/2001,0.627
10/10/2001,0.614
10/9/2001,0.614
10/8/2001,0.615
10/5/2001,0.619
10/4/2001,0.633
10/3/2001,0.629
10/2/2001,0.641
10/1/2001,0.653
09/28/2001,0.68
09/27/2001,0.638
09/26/2001,0.624
09/25/2001,0.621
09/24/2001,0.636
09/21/2001,0.722
09/20/2001,0.743
09/19/2001,0.753
09/18/2001,0.793
09/17/2001,0.832
09/14/2001,0.825
09/10/2001,0.819
09/7/2001,0.825
09/6/2001,0.808
09/5/2001,0.788
09/4/2001,0.768
08/31/2001,0.806
08/30/2001,0.797
08/29/2001,0.83
08/28/2001,0.845
08/27/2001,0.838
08/24/2001,0.836
08/23/2001,0.789
08/22/2001,0.783
08/21/2001,0.784
08/20/2001,0.743
08/17/2001,0.74
08/16/2001,0.775
08/15/2001,0.792
08/14/2001,0.813
08/13/2001,0.802
08/10/2001,0.799
08/9/2001,0.779
08/8/2001,0.769
08/7/2001,0.779
08/6/2001,0.775
08/3/2001,0.777
08/2/2001,0.776
08/1/2001,0.745
07/31/2001,0.732
07/30/2001,0.751
07/27/2001,0.758
07/26/2001,0.764
07/25/2001,0.751
07/24/2001,0.721
07/23/2001,0.713
07/20/2001,0.724
07/19/2001,0.702
07/18/2001,0.718
07/17/2001,0.742
07/16/2001,0.744
07/13/2001,0.734
07/12/2001,0.753
07/11/2001,0.731
07/10/2001,0.727
07/9/2001,0.749
07/6/2001,0.757
07/5/2001,0.729
07/3/2001,0.722
07/2/2001,0.715
06/29/2001,0.721
06/28/2001,0.718
06/27/2001,0.714
06/26/2001,0.778
06/25/2001,0.79
06/22/2001,0.775
06/21/2001,0.771
06/20/2001,0.79
06/19/2001,0.854
06/18/2001,0.852
06/15/2001,0.873
06/14/2001,0.872
06/13/2001,0.873
06/12/2001,0.895
06/11/2001,0.883
06/8/2001,0.888
06/7/2001,0.889
06/6/2001,0.88
06/5/2001,0.905
06/4/2001,0.908
06/1/2001,0.933
05/31/2001,1.063
05/30/2001,1.041
05/29/2001,1.076
05/25/2001,1.106
05/24/2001,1.117
05/23/2001,1.159
05/22/2001,1.108
05/21/2001,1.1
05/18/2001,1.069
05/17/2001,1.021
05/16/2001,0.988
05/15/2001,1.004
05/14/2001,1.01
05/11/2001,1.05
05/10/2001,1.074
05/9/2001,1.077
05/8/2001,1.044
05/7/2001,1.062
05/4/2001,1.084
05/3/2001,1.071
05/2/2001,1.03
05/1/2001,1.058
04/30/2001,1.13
04/27/2001,1.125
04/26/2001,1.104
04/25/2001,1.08
04/24/2001,1.069
04/23/2001,1.069
04/20/2001,1.061
04/19/2001,1.069
04/18/2001,1.061
04/17/2001,1.05
04/16/2001,1.043
04/12/2001,1.023
04/11/2001,1.024
04/10/2001,1.025
04/9/2001,0.991
04/6/2001,0.969
04/5/2001,0.972
04/4/2001,0.972
04/3/2001,0.932
04/2/2001,0.898
03/30/2001,0.921
03/29/2001,0.919
03/28/2001,0.91
03/27/2001,0.94
03/26/2001,0.933
03/23/2001,0.926
03/22/2001,0.91
03/21/2001,0.902
03/20/2001,0.858
03/19/2001,0.86
03/16/2001,0.874
03/15/2001,0.868
03/14/2001,0.867
03/13/2001,0.886
03/12/2001,0.893
03/9/2001,0.888
03/8/2001,0.904
03/7/2001,0.916
03/6/2001,0.892
03/5/2001,0.882
03/2/2001,0.874
03/1/2001,0.867
02/28/2001,0.793
02/27/2001,0.841
02/26/2001,0.84
02/23/2001,0.845
02/22/2001,0.825
02/21/2001,0.832
02/20/2001,0.848
02/16/2001,0.865
02/15/2001,0.854
02/14/2001,0.88
02/13/2001,0.887
02/12/2001,0.893
02/9/2001,0.901
02/8/2001,0.93
02/7/2001,0.923
02/6/2001,0.887
02/5/2001,0.886
02/2/2001,0.895
02/1/2001,0.85
01/31/2001,0.854
01/30/2001,0.882
01/29/2001,0.875
01/26/2001,0.886
01/25/2001,0.879
01/24/2001,0.873
01/23/2001,0.876
01/22/2001,0.876
01/19/2001,0.881
01/18/2001,0.858
01/17/2001,0.858
01/16/2001,0.878
01/12/2001,0.901
01/11/2001,0.889
01/10/2001,0.883
01/9/2001,0.829
01/8/2001,0.831
01/5/2001,0.821
01/4/2001,0.819
01/3/2001,0.81
01/2/2001,0.795
12/29/2000,0.786
12/28/2000,0.755
12/27/2000,0.753
12/26/2000,0.76
12/22/2000,0.741
12/21/2000,0.741
12/20/2000,0.726
12/19/2000,0.77
12/18/2000,0.776
12/15/2000,0.757
12/14/2000,0.745
12/13/2000,0.756
12/12/2000,0.765
12/11/2000,0.765
12/8/2000,0.737
12/7/2000,0.767
12/6/2000,0.782
12/5/2000,0.762
12/4/2000,0.802
12/1/2000,0.824
11/30/2000,0.888
11/29/2000,0.907
11/28/2000,0.879
11/27/2000,0.906
11/22/2000,0.92
11/21/2000,0.917
11/20/2000,0.92
11/17/2000,0.918
11/16/2000,0.923
11/15/2000,0.919
11/14/2000,0.892
11/13/2000,0.885
11/10/2000,0.87
11/9/2000,0.877
11/8/2000,0.874
11/7/2000,0.891
11/6/2000,0.882
11/3/2000,0.87
11/2/2000,0.869
11/1/2000,0.884
10/31/2000,0.936
10/30/2000,0.954
10/27/2000,0.96
10/26/2000,0.996
10/25/2000,0.99
10/24/2000,0.99
10/23/2000,0.972
10/20/2000,0.958
10/19/2000,0.937
10/18/2000,0.942
10/17/2000,0.921
10/16/2000,0.929
10/13/2000,0.966
10/12/2000,0.998
10/11/2000,0.924
10/10/2000,0.914
10/9/2000,0.869
10/6/2000,0.845
10/5/2000,0.835
10/4/2000,0.849
10/3/2000,0.881
10/2/2000,0.883
09/29/2000,0.869
09/28/2000,0.867
09/27/2000,0.921
09/26/2000,0.93
09/25/2000,0.927
09/22/2000,0.94
09/21/2000,0.984
09/20/2000,0.985
09/19/2000,0.963
09/18/2000,0.97
09/15/2000,0.967
09/14/2000,0.939
09/13/2000,0.933
09/12/2000,0.939
09/11/2000,0.974
09/8/2000,0.951
09/7/2000,1.004
09/6/2000,0.998
09/5/2000,0.967
09/1/2000,0.959
08/31/2000,1.011
08/30/2000,1
08/29/2000,0.973
08/28/2000,0.978
08/25/2000,0.954
08/24/2000,0.95
08/23/2000,0.946
08/22/2000,0.933
08/21/2000,0.959
08/18/2000,0.943
08/17/2000,0.945
08/16/2000,0.93
08/15/2000,0.919
08/14/2000,0.92
08/11/2000,0.912
08/10/2000,0.926
08/9/2000,0.882
08/8/2000,0.863
08/7/2000,0.848
08/4/2000,0.876
08/3/2000,0.859
08/2/2000,0.869
08/1/2000,0.872
07/31/2000,0.977
07/28/2000,0.95
07/27/2000,0.913
07/26/2000,0.893
07/25/2000,0.871
07/24/2000,0.862
07/21/2000,0.913
07/20/2000,0.959
07/19/2000,0.976
07/18/2000,0.981
07/17/2000,0.96
07/14/2000,0.963
07/13/2000,0.972
07/12/2000,0.963
07/11/2000,0.961
07/10/2000,0.949
07/7/2000,0.926
07/6/2000,0.92
07/5/2000,0.961
06/30/2000,1.038
06/29/2000,1.051
06/28/2000,1.034
06/27/2000,1.065
06/26/2000,1.052
06/23/2000,1.081
06/22/2000,1.081
06/21/2000,1.039
06/20/2000,1.053
06/19/2000,1.053
06/16/2000,1.066
06/15/2000,1.088
06/14/2000,1.081
06/13/2000,1.062
06/12/2000,1.044
06/9/2000,1.018
06/8/2000,1.01
06/7/2000,1.011
06/6/2000,0.988
06/5/2000,0.999
06/2/2000,1.019
06/1/2000,1.017
05/31/2000,1.038
05/30/2000,1.065
05/26/2000,1.002
05/25/2000,1.012
05/24/2000,0.98
05/23/2000,0.934
05/22/2000,0.931
05/19/2000,0.953
05/18/2000,0.99
05/17/2000,0.98
05/16/2000,0.983
05/15/2000,0.968
05/12/2000,0.94
05/11/2000,0.936
05/10/2000,0.912
05/9/2000,0.951
05/8/2000,0.941
05/5/2000,0.904
05/4/2000,0.909
05/3/2000,0.891
05/2/2000,0.886
05/1/2000,0.833
04/28/2000,0.826
04/27/2000,0.824
04/26/2000,0.803
04/25/2000,0.823
04/24/2000,0.852
04/20/2000,0.855
04/19/2000,0.853
04/18/2000,0.829
04/17/2000,0.82
04/14/2000,0.798
04/13/2000,0.806
04/12/2000,0.8
04/11/2000,0.754
04/10/2000,0.757
04/7/2000,0.789
04/6/2000,0.8
04/5/2000,0.795
04/4/2000,0.799
04/3/2000,0.842
03/31/2000,0.917
03/30/2000,0.894
03/29/2000,0.913
03/28/2000,0.952
03/27/2000,0.947
03/24/2000,0.949
03/23/2000,0.919
03/22/2000,0.9
03/21/2000,0.895
03/20/2000,0.89
03/17/2000,0.934
03/16/2000,0.94
03/15/2000,0.933
03/14/2000,0.968
03/13/2000,0.991
03/10/2000,0.994
03/9/2000,0.988
03/8/2000,0.952
03/7/2000,1.019
03/6/2000,0.983
03/3/2000,0.976
03/2/2000,0.988
03/1/2000,0.994
02/29/2000,0.936
02/28/2000,0.914
02/25/2000,0.863
02/24/2000,0.851
02/23/2000,0.846
02/22/2000,0.845
02/18/2000,0.827
02/17/2000,0.835
02/16/2000,0.845
02/15/2000,0.838
02/14/2000,0.834
02/11/2000,0.811
02/10/2000,0.818
02/9/2000,0.797
02/8/2000,0.775
02/7/2000,0.786
02/4/2000,0.798
02/3/2000,0.786
02/2/2000,0.767
02/1/2000,0.777
01/31/2000,0.755
01/28/2000,0.743
01/27/2000,0.742
01/26/2000,0.75
01/25/2000,0.768
01/24/2000,0.755
01/21/2000,0.77
01/20/2000,0.773
01/19/2000,0.767
01/18/2000,0.772
01/14/2000,0.745
01/13/2000,0.713
01/12/2000,0.713
01/11/2000,0.687
01/10/2000,0.67
01/7/2000,0.661
01/6/2000,0.679
01/5/2000,0.676
01/4/2000,0.685
12/30/1999,0.691
12/29/1999,0.713
12/28/1999,0.726
12/27/1999,0.716
12/23/1999,0.704
12/22/1999,0.703
12/21/1999,0.724
12/20/1999,0.732
12/17/1999,0.734
12/16/1999,0.733
12/15/1999,0.713
12/14/1999,0.698
12/13/1999,0.695
12/10/1999,0.684
12/9/1999,0.715
12/8/1999,0.732
12/7/1999,0.728
12/6/1999,0.725
12/3/1999,0.703
12/2/1999,0.71
12/1/1999,0.688
11/30/1999,0.707
11/29/1999,0.748
11/24/1999,0.771
11/23/1999,0.755
11/22/1999,0.758
11/19/1999,0.732
11/18/1999,0.714
11/17/1999,0.734
11/16/1999,0.709
11/15/1999,0.702
11/12/1999,0.703
11/11/1999,0.691
11/10/1999,0.699
11/9/1999,0.675
11/8/1999,0.651
11/5/1999,0.645
11/4/1999,0.644
11/3/1999,0.634
11/2/1999,0.629
11/1/1999,0.637
10/29/1999,0.639
10/28/1999,0.622
10/27/1999,0.642
10/26/1999,0.642
10/25/1999,0.645
10/22/1999,0.656
10/21/1999,0.64
10/20/1999,0.639
10/19/1999,0.629
10/18/1999,0.632
10/15/1999,0.636
10/14/1999,0.624
10/13/1999,0.637
10/12/1999,0.63
10/11/1999,0.603
10/8/1999,0.592
10/7/1999,0.628
10/6/1999,0.653
10/5/1999,0.667
10/4/1999,0.671
10/1/1999,0.69
09/30/1999,0.724
09/29/1999,0.733
09/28/1999,0.728
09/27/1999,0.727
09/24/1999,0.719
09/23/1999,0.715
09/22/1999,0.698
09/21/1999,0.681
09/20/1999,0.685
09/17/1999,0.687
09/16/1999,0.688
09/15/1999,0.691
09/14/1999,0.684
09/13/1999,0.697
09/10/1999,0.693
09/9/1999,0.684
09/8/1999,0.667
09/7/1999,0.665
09/3/1999,0.648
09/2/1999,0.635
09/1/1999,0.656
08/31/1999,0.687
08/30/1999,0.688
08/27/1999,0.661
08/26/1999,0.642
08/25/1999,0.63
08/24/1999,0.652
08/23/1999,0.66
08/20/1999,0.66
08/19/1999,0.662
08/18/1999,0.65
08/17/1999,0.654
08/16/1999,0.641
08/13/1999,0.648
08/12/1999,0.65
08/11/1999,0.66
08/10/1999,0.65
08/9/1999,0.66
08/6/1999,0.658
08/5/1999,0.645
08/4/1999,0.639
08/3/1999,0.63
08/2/1999,0.631
07/30/1999,0.651
07/29/1999,0.65
07/28/1999,0.631
07/27/1999,0.614
07/26/1999,0.618
07/23/1999,0.622
07/22/1999,0.602
07/21/1999,0.596
07/20/1999,0.6
07/19/1999,0.618
07/16/1999,0.626
07/15/1999,0.617
07/14/1999,0.595
07/13/1999,0.598
07/12/1999,0.596
07/9/1999,0.596
07/8/1999,0.589
07/7/1999,0.592
07/6/1999,0.585
07/2/1999,0.585
07/1/1999,0.57
06/30/1999,0.556
06/29/1999,0.538
06/28/1999,0.528
06/25/1999,0.531
06/24/1999,0.525
06/23/1999,0.527
06/22/1999,0.512
06/21/1999,0.512
06/18/1999,0.523
06/17/1999,0.532
06/16/1999,0.524
06/15/1999,0.538
06/14/1999,0.531
06/11/1999,0.532
06/10/1999,0.515
06/9/1999,0.522
06/8/1999,0.515
06/7/1999,0.513
06/4/1999,0.501
06/3/1999,0.486
06/2/1999,0.49
06/1/1999,0.474
05/28/1999,0.486
05/27/1999,0.499
05/26/1999,0.499
05/25/1999,0.491
05/24/1999,0.485
05/21/1999,0.505
05/20/1999,0.495
05/19/1999,0.496
05/18/1999,0.49
05/17/1999,0.511
05/14/1999,0.52
05/13/1999,0.523
05/12/1999,0.516
05/11/1999,0.532
05/10/1999,0.54
05/7/1999,0.532
05/6/1999,0.544
05/5/1999,0.563
05/4/1999,0.562
05/3/1999,0.556
04/30/1999,0.545
04/29/1999,0.552
04/28/1999,0.539
04/27/1999,0.526
04/26/1999,0.524
04/23/1999,0.527
04/22/1999,0.535
04/21/1999,0.524
04/20/1999,0.524
04/19/1999,0.534
04/16/1999,0.528
04/15/1999,0.519
04/14/1999,0.508
04/13/1999,0.522
04/12/1999,0.512
04/9/1999,0.508
04/8/1999,0.495
04/7/1999,0.505
04/6/1999,0.537
04/5/1999,0.54
04/1/1999,0.531
03/31/1999,0.541
03/30/1999,0.525
03/29/1999,0.517
03/26/1999,0.506
03/25/1999,0.484
03/24/1999,0.48
03/23/1999,0.489
03/22/1999,0.494
03/19/1999,0.476
03/18/1999,0.47
03/17/1999,0.472
03/16/1999,0.447
03/15/1999,0.45
03/12/1999,0.452
03/11/1999,0.443
03/10/1999,0.448
03/9/1999,0.429
03/8/1999,0.426
03/5/1999,0.414
03/4/1999,0.413
03/3/1999,0.399
03/2/1999,0.384
03/1/1999,0.378
02/26/1999,0.355
02/25/1999,0.36
02/24/1999,0.349
02/23/1999,0.348
02/22/1999,0.347
02/19/1999,0.341
02/18/1999,0.344
02/17/1999,0.331
02/16/1999,0.329
02/12/1999,0.337
02/11/1999,0.334
02/10/1999,0.337
02/9/1999,0.344
02/8/1999,0.348
02/5/1999,0.35
02/4/1999,0.358
02/3/1999,0.373
02/2/1999,0.376
02/1/1999,0.373
01/29/1999,0.369
01/28/1999,0.361
01/27/1999,0.355
01/26/1999,0.342
01/25/1999,0.348
01/22/1999,0.355
01/21/1999,0.344
01/20/1999,0.337
01/19/1999,0.352
01/15/1999,0.352
01/14/1999,0.356
01/13/1999,0.364
01/12/1999,0.38
01/11/1999,0.392
01/8/1999,0.382
01/7/1999,0.389
01/6/1999,0.384
01/5/1999,0.364
01/4/1999,0.375
12/31/1998,0.357
12/30/1998,0.348
12/29/1998,0.355
12/28/1998,0.344
12/24/1998,0.331
12/23/1998,0.331
12/22/1998,0.327
12/21/1998,0.33
12/18/1998,0.338
12/17/1998,0.344
12/16/1998,0.377
12/15/1998,0.361
12/14/1998,0.355
12/11/1998,0.343
12/10/1998,0.34
12/9/1998,0.345
12/8/1998,0.347
12/7/1998,0.348
12/4/1998,0.342
12/3/1998,0.345
12/2/1998,0.326
12/1/1998,0.345
11/30/1998,0.346
11/25/1998,0.35
11/24/1998,0.353
11/23/1998,0.368
11/20/1998,0.382
11/19/1998,0.377
11/18/1998,0.372
11/17/1998,0.381
11/16/1998,0.396
11/13/1998,0.411
11/12/1998,0.416
11/11/1998,0.405
11/10/1998,0.412
11/9/1998,0.408
11/6/1998,0.421
11/5/1998,0.428
11/4/1998,0.434
11/3/1998,0.437
11/2/1998,0.443
10/30/1998,0.452
10/29/1998,0.449
10/28/1998,0.448
10/27/1998,0.441
10/26/1998,0.445
10/23/1998,0.437
10/22/1998,0.434
10/21/1998,0.44
10/20/1998,0.43
10/19/1998,0.421
10/16/1998,0.442
10/15/1998,0.439
10/14/1998,0.435
10/13/1998,0.435
10/12/1998,0.435
10/9/1998,0.438
10/8/1998,0.433
10/7/1998,0.454
10/6/1998,0.474
10/5/1998,0.469
10/2/1998,0.472
10/1/1998,0.459
09/30/1998,0.477
09/29/1998,0.463
09/28/1998,0.458
09/25/1998,0.456
09/24/1998,0.458
09/23/1998,0.457
09/22/1998,0.462
09/21/1998,0.455
09/18/1998,0.456
09/17/1998,0.437
09/16/1998,0.433
09/15/1998,0.436
09/14/1998,0.433
09/11/1998,0.425
09/10/1998,0.429
09/9/1998,0.411
09/8/1998,0.414
09/4/1998,0.421
09/3/1998,0.425
09/2/1998,0.406
09/1/1998,0.414
08/31/1998,0.406
08/28/1998,0.409
08/27/1998,0.4
08/26/1998,0.406
08/25/1998,0.411
08/24/1998,0.414
08/21/1998,0.409
08/20/1998,0.417
08/19/1998,0.407
08/18/1998,0.413
08/17/1998,0.424
08/14/1998,0.424
08/13/1998,0.423
08/12/1998,0.407
08/11/1998,0.4
08/10/1998,0.407
08/7/1998,0.434
08/6/1998,0.429
08/5/1998,0.419
08/4/1998,0.423
08/3/1998,0.419
07/31/1998,0.413
07/30/1998,0.41
07/29/1998,0.411
07/28/1998,0.422
07/27/1998,0.428
07/24/1998,0.42
07/23/1998,0.422
07/22/1998,0.434
07/21/1998,0.435
07/20/1998,0.429
07/17/1998,0.448
07/16/1998,0.455
07/15/1998,0.469
07/14/1998,0.48
07/13/1998,0.467
07/10/1998,0.468
07/9/1998,0.472
07/8/1998,0.468
07/7/1998,0.469
07/6/1998,0.481
07/2/1998,0.487
07/1/1998,0.482
06/30/1998,0.464
06/29/1998,0.46
06/26/1998,0.458
06/25/1998,0.459
06/24/1998,0.48
06/23/1998,0.483
06/22/1998,0.469
06/19/1998,0.458
06/18/1998,0.458
06/17/1998,0.465
06/16/1998,0.459
06/15/1998,0.449
06/12/1998,0.463
06/11/1998,0.46
06/10/1998,0.462
06/9/1998,0.47
06/8/1998,0.483
06/5/1998,0.496
06/4/1998,0.499
06/3/1998,0.498
06/2/1998,0.503
06/1/1998,0.505
05/29/1998,0.5
05/28/1998,0.492
05/27/1998,0.5
05/26/1998,0.487
05/22/1998,0.491
05/21/1998,0.489
05/20/1998,0.484
05/19/1998,0.5
05/18/1998,0.501
05/15/1998,0.508
05/14/1998,0.518
05/13/1998,0.518
05/12/1998,0.527
05/11/1998,0.523
05/8/1998,0.52
05/7/1998,0.522
05/6/1998,0.525
05/5/1998,0.533
05/4/1998,0.54
05/1/1998,0.543
04/30/1998,0.5
04/29/1998,0.509
04/28/1998,0.522
04/27/1998,0.509
04/24/1998,0.501
04/23/1998,0.503
04/22/1998,0.506
04/21/1998,0.527
04/20/1998,0.524
04/17/1998,0.525
04/16/1998,0.528
04/15/1998,0.515
04/14/1998,0.501
04/13/1998,0.498
04/9/1998,0.503
04/8/1998,0.504
04/7/1998,0.496
04/6/1998,0.498
04/3/1998,0.518
04/2/1998,0.512
04/1/1998,0.512
03/31/1998,0.503
03/30/1998,0.52
03/27/1998,0.536
03/26/1998,0.538
03/25/1998,0.526
03/24/1998,0.515
03/23/1998,0.54
03/20/1998,0.494
03/19/1998,0.486
03/18/1998,0.487
03/17/1998,0.449
03/16/1998,0.452
03/13/1998,0.473
03/12/1998,0.47
03/11/1998,0.469
03/10/1998,0.463
03/9/1998,0.463
03/6/1998,0.483
03/5/1998,0.497
03/4/1998,0.503
03/3/1998,0.506
03/2/1998,0.508
02/27/1998,0.474
02/26/1998,0.476
02/25/1998,0.474
02/24/1998,0.476
02/23/1998,0.483
02/20/1998,0.504
02/19/1998,0.512
02/18/1998,0.509
02/17/1998,0.495
02/13/1998,0.496
02/12/1998,0.495
02/11/1998,0.502
02/10/1998,0.511
02/9/1998,0.509
02/6/1998,0.512
02/5/1998,0.504
02/4/1998,0.499
02/3/1998,0.51
02/2/1998,0.526
01/30/1998,0.527
01/29/1998,0.55
01/28/1998,0.53
01/27/1998,0.521
01/26/1998,0.518
01/23/1998,0.495
01/22/1998,0.494
01/21/1998,0.5
01/20/1998,0.509
01/16/1998,0.51
01/15/1998,0.504
01/14/1998,0.511
01/13/1998,0.514
01/12/1998,0.52
01/9/1998,0.528
01/8/1998,0.526
01/7/1998,0.519
01/6/1998,0.524
01/5/1998,0.519
01/2/1998,0.533
12/31/1997,0.528
12/30/1997,0.535
12/29/1997,0.539
12/26/1997,0.557
12/24/1997,0.558
12/23/1997,0.552
12/22/1997,0.557
12/19/1997,0.564
12/18/1997,0.573
12/17/1997,0.555
12/16/1997,0.555
12/15/1997,0.548
12/12/1997,0.546
12/11/1997,0.541
12/10/1997,0.543
12/9/1997,0.56
12/8/1997,0.57
12/5/1997,0.566
12/4/1997,0.563
12/3/1997,0.566
12/2/1997,0.564
12/1/1997,0.563
11/26/1997,0.573
11/25/1997,0.591
11/24/1997,0.587
11/21/1997,0.577
11/20/1997,0.572
11/19/1997,0.587
11/18/1997,0.587
11/17/1997,0.594
11/14/1997,0.61
11/13/1997,0.596
11/12/1997,0.586
11/11/1997,0.591
11/10/1997,0.592
11/7/1997,0.6
11/6/1997,0.593
11/5/1997,0.582
11/4/1997,0.59
11/3/1997,0.598
10/31/1997,0.602
10/30/1997,0.607
10/29/1997,0.601
10/28/1997,0.589
10/27/1997,0.6
10/24/1997,0.596
10/23/1997,0.603
10/22/1997,0.608
10/21/1997,0.591
10/20/1997,0.597
10/17/1997,0.593
10/16/1997,0.597
10/15/1997,0.582
10/14/1997,0.589
10/13/1997,0.598
10/10/1997,0.612
10/9/1997,0.612
10/8/1997,0.615
10/7/1997,0.609
10/6/1997,0.613
10/3/1997,0.63
10/2/1997,0.614
10/1/1997,0.599
09/30/1997,0.626
09/29/1997,0.631
09/26/1997,0.613
09/25/1997,0.593
09/24/1997,0.584
09/23/1997,0.584
09/22/1997,0.586
09/19/1997,0.575
09/18/1997,0.573
09/17/1997,0.585
09/16/1997,0.59
09/15/1997,0.582
09/12/1997,0.588
09/11/1997,0.588
09/10/1997,0.583
09/9/1997,0.595
09/8/1997,0.593
09/5/1997,0.601
09/4/1997,0.599
09/3/1997,0.626
09/2/1997,0.628
08/29/1997,0.688
08/28/1997,0.675
08/27/1997,0.664
08/26/1997,0.638
08/25/1997,0.645
08/22/1997,0.675
08/21/1997,0.672
08/20/1997,0.696
08/19/1997,0.676
08/18/1997,0.654
08/15/1997,0.668
08/14/1997,0.663
08/13/1997,0.661
08/12/1997,0.637
08/11/1997,0.615
08/8/1997,0.62
08/7/1997,0.643
08/6/1997,0.661
08/5/1997,0.671
08/4/1997,0.667
08/1/1997,0.651
07/31/1997,0.678
07/30/1997,0.699
07/29/1997,0.665
07/28/1997,0.648
07/25/1997,0.64
07/24/1997,0.622
07/23/1997,0.611
07/22/1997,0.6
07/21/1997,0.6
07/18/1997,0.601
07/17/1997,0.619
07/16/1997,0.605
07/15/1997,0.599
07/14/1997,0.584
07/11/1997,0.593
07/10/1997,0.586
07/9/1997,0.582
07/8/1997,0.589
07/7/1997,0.579
07/3/1997,0.579
07/2/1997,0.593
07/1/1997,0.588
06/30/1997,0.581
06/27/1997,0.579
06/26/1997,0.568
06/25/1997,0.57
06/24/1997,0.557
06/23/1997,0.556
06/20/1997,0.555
06/19/1997,0.561
06/18/1997,0.568
06/17/1997,0.585
06/16/1997,0.58
06/13/1997,0.574
06/12/1997,0.571
06/11/1997,0.565
06/10/1997,0.564
06/9/1997,0.562
06/6/1997,0.571
06/5/1997,0.598
06/4/1997,0.604
06/3/1997,0.614
06/2/1997,0.63
05/30/1997,0.637
05/29/1997,0.652
05/28/1997,0.658
05/27/1997,0.654
05/23/1997,0.669
05/22/1997,0.669
05/21/1997,0.665
05/20/1997,0.654
05/19/1997,0.652
05/16/1997,0.659
05/15/1997,0.64
05/14/1997,0.644
05/13/1997,0.648
05/12/1997,0.645
05/9/1997,0.629
05/8/1997,0.625
05/7/1997,0.609
05/6/1997,0.603
05/5/1997,0.605
05/2/1997,0.605
05/1/1997,0.626
04/30/1997,0.639
04/29/1997,0.634
04/28/1997,0.623
04/25/1997,0.625
04/24/1997,0.628
04/23/1997,0.617
04/22/1997,0.618
04/21/1997,0.628
04/18/1997,0.615
04/17/1997,0.607
04/16/1997,0.604
04/15/1997,0.619
04/14/1997,0.62
04/11/1997,0.609
04/10/1997,0.611
04/9/1997,0.607
04/8/1997,0.612
04/7/1997,0.607
04/4/1997,0.605
04/3/1997,0.609
04/2/1997,0.606
04/1/1997,0.627
03/31/1997,0.637
03/27/1997,0.646
03/26/1997,0.648
03/25/1997,0.665
03/24/1997,0.665
03/21/1997,0.676
03/20/1997,0.676
03/19/1997,0.68
03/18/1997,0.675
03/17/1997,0.653
03/14/1997,0.658
03/13/1997,0.642
03/12/1997,0.646
03/11/1997,0.639
03/10/1997,0.644
03/7/1997,0.657
03/6/1997,0.645
03/5/1997,0.633
03/4/1997,0.629
03/3/1997,0.618
02/28/1997,0.617
02/27/1997,0.627
02/26/1997,0.623
02/25/1997,0.622
02/24/1997,0.602
02/21/1997,0.618
02/20/1997,0.628
02/19/1997,0.647
02/18/1997,0.642
02/14/1997,0.643
02/13/1997,0.632
02/12/1997,0.629
02/11/1997,0.64
02/10/1997,0.635
02/7/1997,0.631
02/6/1997,0.653
02/5/1997,0.675
02/4/1997,0.683
02/3/1997,0.684
01/31/1997,0.685
01/30/1997,0.698
01/29/1997,0.682
01/28/1997,0.67
01/27/1997,0.676
01/24/1997,0.678
01/23/1997,0.684
01/22/1997,0.682
01/21/1997,0.674
01/20/1997,0.672
01/17/1997,0.681
01/16/1997,0.687
01/15/1997,0.689
01/14/1997,0.67
01/13/1997,0.681
01/10/1997,0.704
01/9/1997,0.705
01/8/1997,0.722
01/7/1997,0.721
01/6/1997,0.725
01/3/1997,0.707
01/2/1997,0.711
12/31/1996,0.707
12/30/1996,0.696
12/27/1996,0.697
12/26/1996,0.695
12/24/1996,0.696
12/23/1996,0.689
12/20/1996,0.702
12/19/1996,0.712
12/18/1996,0.712
12/17/1996,0.698
12/16/1996,0.695
12/13/1996,0.67
12/12/1996,0.647
12/11/1996,0.636
12/10/1996,0.669
12/9/1996,0.689
12/6/1996,0.698
12/5/1996,0.697
12/4/1996,0.682
12/3/1996,0.691
12/2/1996,0.681
11/27/1996,0.694
11/26/1996,0.69
11/25/1996,0.68
11/22/1996,0.678
11/21/1996,0.67
11/20/1996,0.654
11/19/1996,0.674
11/18/1996,0.658
11/15/1996,0.669
11/14/1996,0.689
11/13/1996,0.683
11/12/1996,0.658
11/11/1996,0.65
11/8/1996,0.653
11/7/1996,0.638
11/6/1996,0.636
11/5/1996,0.646
11/4/1996,0.65
11/1/1996,0.647
10/31/1996,0.666
10/30/1996,0.7
10/29/1996,0.691
10/28/1996,0.703
10/25/1996,0.701
10/24/1996,0.692
10/23/1996,0.682
10/22/1996,0.691
10/21/1996,0.679
10/18/1996,0.679
10/17/1996,0.665
10/16/1996,0.655
10/15/1996,0.671
10/14/1996,0.677
10/11/1996,0.655
10/10/1996,0.635
10/9/1996,0.656
10/8/1996,0.665
10/7/1996,0.663
10/4/1996,0.636
10/3/1996,0.637
10/2/1996,0.624
10/1/1996,0.628
09/30/1996,0.627
09/27/1996,0.646
09/26/1996,0.63
09/25/1996,0.631
09/24/1996,0.628
09/23/1996,0.601
09/20/1996,0.611
09/19/1996,0.613
09/18/1996,0.631
09/17/1996,0.627
09/16/1996,0.629
09/13/1996,0.646
09/12/1996,0.659
09/11/1996,0.659
09/10/1996,0.649
09/9/1996,0.641
09/6/1996,0.653
09/5/1996,0.644
09/4/1996,0.63
09/3/1996,0.63
08/30/1996,0.628
08/29/1996,0.637
08/28/1996,0.623
08/27/1996,0.612
08/26/1996,0.616
08/23/1996,0.632
08/22/1996,0.639
08/21/1996,0.631
08/20/1996,0.64
08/19/1996,0.653
08/16/1996,0.634
08/15/1996,0.62
08/14/1996,0.625
08/13/1996,0.631
08/12/1996,0.629
08/9/1996,0.619
08/8/1996,0.623
08/7/1996,0.62
08/6/1996,0.612
08/5/1996,0.613
08/2/1996,0.621
08/1/1996,0.614
07/31/1996,0.618
07/30/1996,0.612
07/29/1996,0.605
07/26/1996,0.602
07/25/1996,0.617
07/24/1996,0.619
07/23/1996,0.631
07/22/1996,0.628
07/19/1996,0.624
07/18/1996,0.639
07/17/1996,0.639
07/16/1996,0.651
07/15/1996,0.656
07/12/1996,0.64
07/11/1996,0.646
07/10/1996,0.631
07/9/1996,0.618
07/8/1996,0.617
07/3/1996,0.625
07/2/1996,0.609
07/1/1996,0.615
06/28/1996,0.6
06/27/1996,0.594
06/26/1996,0.584
06/25/1996,0.575
06/24/1996,0.582
06/21/1996,0.587
06/20/1996,0.587
06/19/1996,0.58
06/18/1996,0.602
06/17/1996,0.612
06/14/1996,0.595
06/13/1996,0.589
06/12/1996,0.597
06/11/1996,0.608
06/10/1996,0.614
06/7/1996,0.609
06/6/1996,0.602
06/5/1996,0.594
06/4/1996,0.607
06/3/1996,0.59
05/31/1996,0.591
05/30/1996,0.599
05/29/1996,0.624
05/28/1996,0.632
05/24/1996,0.647
05/23/1996,0.643
05/22/1996,0.643
05/21/1996,0.65
05/20/1996,0.66
05/17/1996,0.63
05/16/1996,0.642
05/15/1996,0.672
05/14/1996,0.684
05/13/1996,0.691
05/10/1996,0.685
05/9/1996,0.672
05/8/1996,0.684
05/7/1996,0.688
05/6/1996,0.689
05/3/1996,0.699
05/2/1996,0.684
05/1/1996,0.674
04/30/1996,0.724
04/29/1996,0.77
04/26/1996,0.768
04/25/1996,0.756
04/24/1996,0.741
04/23/1996,0.732
04/22/1996,0.702
04/19/1996,0.675
04/18/1996,0.664
04/17/1996,0.681
04/16/1996,0.695
04/15/1996,0.717
04/12/1996,0.722
04/11/1996,0.743
04/10/1996,0.73
04/9/1996,0.705
04/8/1996,0.699
04/4/1996,0.688
04/3/1996,0.677
04/2/1996,0.681
04/1/1996,0.66
03/29/1996,0.649
03/28/1996,0.644
03/27/1996,0.657
03/26/1996,0.663
03/25/1996,0.67
03/22/1996,0.655
03/21/1996,0.64
03/20/1996,0.644
03/19/1996,0.652
03/18/1996,0.643
03/15/1996,0.629
03/14/1996,0.625
03/13/1996,0.616
03/12/1996,0.606
03/11/1996,0.593
03/8/1996,0.588
03/7/1996,0.592
03/6/1996,0.598
03/5/1996,0.591
03/4/1996,0.587
03/1/1996,0.598
02/29/1996,0.594
02/28/1996,0.595
02/27/1996,0.603
02/26/1996,0.598
02/23/1996,0.587
02/22/1996,0.6
02/21/1996,0.595
02/20/1996,0.577
02/16/1996,0.558
02/15/1996,0.554
02/14/1996,0.552
02/13/1996,0.551
02/12/1996,0.53
02/9/1996,0.529
02/8/1996,0.524
02/7/1996,0.522
02/6/1996,0.524
02/5/1996,0.521
02/2/1996,0.537
02/1/1996,0.531
01/31/1996,0.541
01/30/1996,0.534
01/29/1996,0.525
01/26/1996,0.53
01/25/1996,0.527
01/24/1996,0.542
01/23/1996,0.537
01/22/1996,0.549
01/19/1996,0.554
01/18/1996,0.552
01/17/1996,0.55
01/16/1996,0.533
01/15/1996,0.539
01/12/1996,0.531
01/11/1996,0.544
01/10/1996,0.582
01/9/1996,0.587
01/8/1996,0.605
01/5/1996,0.605
01/4/1996,0.594
01/3/1996,0.587
01/2/1996,0.591
12/29/1995,0.589
12/28/1995,0.593
12/27/1995,0.603
12/26/1995,0.587
12/22/1995,0.576
12/21/1995,0.569
12/20/1995,0.578
12/19/1995,0.593
12/18/1995,0.599
12/15/1995,0.596
12/14/1995,0.579
12/13/1995,0.576
12/12/1995,0.556
12/11/1995,0.547
12/8/1995,0.547
12/7/1995,0.541
12/6/1995,0.539
12/5/1995,0.54
12/4/1995,0.536
12/1/1995,0.53
11/30/1995,0.574
11/29/1995,0.575
11/28/1995,0.562
11/27/1995,0.555
11/22/1995,0.541
11/21/1995,0.531
11/20/1995,0.529
11/17/1995,0.528
11/16/1995,0.516
11/15/1995,0.512
11/14/1995,0.504
11/13/1995,0.503
11/10/1995,0.507
11/9/1995,0.511
11/8/1995,0.514
11/7/1995,0.511
11/6/1995,0.51
11/3/1995,0.515
11/2/1995,0.517
11/1/1995,0.506
10/31/1995,0.508
10/30/1995,0.507
10/27/1995,0.501
10/26/1995,0.5
10/25/1995,0.497
10/24/1995,0.499
10/23/1995,0.498
10/20/1995,0.497
10/19/1995,0.494
10/18/1995,0.499
10/17/1995,0.503
10/16/1995,0.507
10/13/1995,0.503
10/12/1995,0.499
10/11/1995,0.505
10/10/1995,0.503
10/9/1995,0.502
10/6/1995,0.492
10/5/1995,0.489
10/4/1995,0.507
10/3/1995,0.519
10/2/1995,0.528
09/29/1995,0.577
09/28/1995,0.561
09/27/1995,0.546
09/26/1995,0.538
09/25/1995,0.54
09/22/1995,0.535
09/21/1995,0.549
09/20/1995,0.564
09/19/1995,0.572
09/18/1995,0.577
09/15/1995,0.566
09/14/1995,0.568
09/13/1995,0.553
09/12/1995,0.557
09/11/1995,0.549
09/8/1995,0.548
09/7/1995,0.546
09/6/1995,0.553
09/5/1995,0.562
09/1/1995,0.543
08/31/1995,0.563
08/30/1995,0.565
08/29/1995,0.555
08/28/1995,0.556
08/25/1995,0.56
08/24/1995,0.559
08/23/1995,0.553
08/22/1995,0.546
08/21/1995,0.545
08/18/1995,0.542
08/17/1995,0.543
08/16/1995,0.539
08/15/1995,0.548
08/14/1995,0.552
08/11/1995,0.557
08/10/1995,0.557
08/9/1995,0.548
08/8/1995,0.544
08/7/1995,0.541
08/4/1995,0.54
08/3/1995,0.539
08/2/1995,0.544
08/1/1995,0.544
07/31/1995,0.541
07/28/1995,0.538
07/27/1995,0.537
07/26/1995,0.529
07/25/1995,0.524
07/24/1995,0.533
07/21/1995,0.521
07/20/1995,0.522
07/19/1995,0.527
07/18/1995,0.536
07/17/1995,0.54
07/14/1995,0.545
07/13/1995,0.544
07/12/1995,0.55
07/11/1995,0.542
07/10/1995,0.547
07/7/1995,0.538
07/6/1995,0.547
07/5/1995,0.544
06/30/1995,0.592
06/29/1995,0.59
06/28/1995,0.596
06/27/1995,0.574
06/26/1995,0.567
06/23/1995,0.57
06/22/1995,0.583
06/21/1995,0.587
06/20/1995,0.608
06/19/1995,0.603
06/16/1995,0.615
06/15/1995,0.619
06/14/1995,0.62
06/13/1995,0.609
06/12/1995,0.612
06/9/1995,0.608
06/8/1995,0.608
06/7/1995,0.618
06/6/1995,0.614
06/5/1995,0.618
06/2/1995,0.609
06/1/1995,0.598
05/31/1995,0.63
05/30/1995,0.635
05/26/1995,0.641
05/25/1995,0.658
05/24/1995,0.649
05/23/1995,0.662
05/22/1995,0.665
05/19/1995,0.663
05/18/1995,0.665
05/17/1995,0.668
05/16/1995,0.663
05/15/1995,0.649
05/12/1995,0.637
05/11/1995,0.633
05/10/1995,0.633
05/9/1995,0.626
05/8/1995,0.642
05/5/1995,0.64
05/4/1995,0.636
05/3/1995,0.626
05/2/1995,0.637
05/1/1995,0.642
04/28/1995,0.653
04/27/1995,0.65
04/26/1995,0.632
04/25/1995,0.629
04/24/1995,0.622
04/21/1995,0.632
04/20/1995,0.632
04/19/1995,0.632
04/18/1995,0.637
04/17/1995,0.62
04/13/1995,0.604
04/12/1995,0.614
04/11/1995,0.616
04/10/1995,0.612
04/7/1995,0.613
04/6/1995,0.617
04/5/1995,0.605
04/4/1995,0.586
04/3/1995,0.574
03/31/1995,0.595
03/30/1995,0.607
03/29/1995,0.6
03/28/1995,0.587
03/27/1995,0.586
03/24/1995,0.578
03/23/1995,0.575
03/22/1995,0.579
03/21/1995,0.562
03/20/1995,0.562
03/17/1995,0.554
03/16/1995,0.549
03/15/1995,0.54
03/14/1995,0.528
03/13/1995,0.538
03/10/1995,0.525
03/9/1995,0.544
03/8/1995,0.558
03/7/1995,0.568
03/6/1995,0.562
03/3/1995,0.559
03/2/1995,0.556
03/1/1995,0.567
02/28/1995,0.576
02/27/1995,0.59
02/24/1995,0.588
02/23/1995,0.584
02/22/1995,0.598
02/21/1995,0.591
02/17/1995,0.588
02/16/1995,0.579
02/15/1995,0.562
02/14/1995,0.562
02/13/1995,0.556
02/10/1995,0.556
02/9/1995,0.558
02/8/1995,0.561
02/7/1995,0.57
02/6/1995,0.573
02/3/1995,0.574
02/2/1995,0.56
02/1/1995,0.568
01/31/1995,0.578
01/30/1995,0.562
01/27/1995,0.561
01/26/1995,0.574
01/25/1995,0.573
01/24/1995,0.576
01/23/1995,0.564
01/20/1995,0.574
01/19/1995,0.581
01/18/1995,0.595
01/17/1995,0.578
01/16/1995,0.569
01/13/1995,0.55
01/12/1995,0.549
01/11/1995,0.545
01/10/1995,0.537
01/9/1995,0.539
01/6/1995,0.538
01/5/1995,0.545
01/4/1995,0.534
01/3/1995,0.528
12/30/1994,0.559
12/29/1994,0.55
12/28/1994,0.541
12/27/1994,0.534
12/23/1994,0.519
12/22/1994,0.52
12/21/1994,0.523
12/20/1994,0.516
12/19/1994,0.514
12/16/1994,0.516
12/15/1994,0.515
12/14/1994,0.527
12/13/1994,0.511
12/12/1994,0.511
12/9/1994,0.527
12/8/1994,0.519
12/7/1994,0.507
12/6/1994,0.505
12/5/1994,0.494
12/2/1994,0.506
12/1/1994,0.543
11/30/1994,0.564
11/29/1994,0.554
11/28/1994,0.56
11/23/1994,0.557
11/22/1994,0.553
11/21/1994,0.546
11/18/1994,0.55
11/17/1994,0.556
11/16/1994,0.557
11/15/1994,0.576
11/14/1994,0.579
11/11/1994,0.578
11/10/1994,0.577
11/9/1994,0.565
11/8/1994,0.581
11/7/1994,0.566
11/4/1994,0.585
11/3/1994,0.59
11/2/1994,0.595
11/1/1994,0.598
10/31/1994,0.571
10/28/1994,0.586
10/27/1994,0.547
10/26/1994,0.547
10/25/1994,0.525
10/24/1994,0.525
10/21/1994,0.499
10/20/1994,0.5
10/19/1994,0.48
10/18/1994,0.488
10/17/1994,0.485
10/14/1994,0.476
10/13/1994,0.477
10/12/1994,0.471
10/11/1994,0.475
10/10/1994,0.471
10/7/1994,0.475
10/6/1994,0.47
10/5/1994,0.458
10/4/1994,0.463
10/3/1994,0.467
09/30/1994,0.466
09/29/1994,0.46
09/28/1994,0.445
09/27/1994,0.436
09/26/1994,0.443
09/23/1994,0.458
09/22/1994,0.46
09/21/1994,0.453
09/20/1994,0.451
09/19/1994,0.46
09/16/1994,0.447
09/15/1994,0.442
09/14/1994,0.437
09/13/1994,0.449
09/12/1994,0.471
09/9/1994,0.475
09/8/1994,0.484
09/7/1994,0.48
09/6/1994,0.483
09/2/1994,0.483
09/1/1994,0.484
08/31/1994,0.508
08/30/1994,0.511
08/29/1994,0.515
08/26/1994,0.502
08/25/1994,0.496
08/24/1994,0.507
08/23/1994,0.513
08/22/1994,0.515
08/19/1994,0.542
08/18/1994,0.565
08/17/1994,0.565
08/16/1994,0.549
08/15/1994,0.548
08/12/1994,0.552
08/11/1994,0.573
08/10/1994,0.583
08/9/1994,0.592
08/8/1994,0.584
08/5/1994,0.582
08/4/1994,0.601
08/3/1994,0.604
08/2/1994,0.599
08/1/1994,0.6
07/29/1994,0.594
07/28/1994,0.575
07/27/1994,0.579
07/26/1994,0.572
07/25/1994,0.565
07/22/1994,0.557
07/21/1994,0.552
07/20/1994,0.544
07/19/1994,0.543
07/18/1994,0.54
07/15/1994,0.548
07/14/1994,0.549
07/13/1994,0.545
07/12/1994,0.543
07/11/1994,0.538
07/8/1994,0.528
07/7/1994,0.521
07/6/1994,0.53
07/5/1994,0.539
07/1/1994,0.538
06/30/1994,0.53
06/29/1994,0.526
06/28/1994,0.54
06/27/1994,0.53
06/24/1994,0.54
06/23/1994,0.545
06/22/1994,0.536
06/21/1994,0.538
06/20/1994,0.547
06/17/1994,0.552
06/16/1994,0.535
06/15/1994,0.539
06/14/1994,0.522
06/13/1994,0.519
06/10/1994,0.515
06/9/1994,0.516
06/8/1994,0.518
06/7/1994,0.514
06/6/1994,0.529
06/3/1994,0.532
06/2/1994,0.537
06/1/1994,0.538
05/31/1994,0.533
05/27/1994,0.522
05/26/1994,0.515
05/25/1994,0.517
05/24/1994,0.518
05/23/1994,0.522
05/20/1994,0.526
05/19/1994,0.521
05/18/1994,0.513
05/17/1994,0.505
05/16/1994,0.512
05/13/1994,0.514
05/12/1994,0.505
05/11/1994,0.497
05/10/1994,0.504
05/9/1994,0.511
05/6/1994,0.501
05/5/1994,0.497
05/4/1994,0.495
05/3/1994,0.496
05/2/1994,0.505
04/29/1994,0.492
04/28/1994,0.486
04/26/1994,0.507
04/25/1994,0.514
04/22/1994,0.509
04/21/1994,0.492
04/20/1994,0.488
04/19/1994,0.488
04/18/1994,0.501
04/15/1994,0.504
04/14/1994,0.497
04/13/1994,0.488
04/12/1994,0.486
04/11/1994,0.491
04/8/1994,0.485
04/7/1994,0.488
04/6/1994,0.496
04/5/1994,0.494
04/4/1994,0.497
03/31/1994,0.461
03/30/1994,0.448
03/29/1994,0.444
03/28/1994,0.433
03/25/1994,0.465
03/24/1994,0.467
03/23/1994,0.466
03/22/1994,0.469
03/21/1994,0.466
03/18/1994,0.459
03/17/1994,0.46
03/16/1994,0.466
03/15/1994,0.461
03/14/1994,0.449
03/11/1994,0.449
03/10/1994,0.44
03/9/1994,0.443
03/8/1994,0.439
03/7/1994,0.438
03/4/1994,0.451
03/3/1994,0.456
03/2/1994,0.457
03/1/1994,0.458
02/28/1994,0.439
02/25/1994,0.441
02/24/1994,0.447
02/23/1994,0.433
02/22/1994,0.436
02/18/1994,0.432
02/17/1994,0.431
02/16/1994,0.419
02/15/1994,0.419
02/14/1994,0.416
02/11/1994,0.432
02/10/1994,0.431
02/9/1994,0.434
02/8/1994,0.447
02/7/1994,0.442
02/4/1994,0.456
02/3/1994,0.46
02/2/1994,0.463
02/1/1994,0.456
01/31/1994,0.425
01/28/1994,0.435
01/27/1994,0.44
01/26/1994,0.446
01/25/1994,0.437
01/24/1994,0.433
01/21/1994,0.42
01/20/1994,0.419
01/19/1994,0.416
01/18/1994,0.414
01/17/1994,0.421
01/14/1994,0.426
01/13/1994,0.419
01/12/1994,0.417
01/11/1994,0.426
01/10/1994,0.417
01/7/1994,0.438
01/6/1994,0.437
01/5/1994,0.438
01/4/1994,0.421
01/3/1994,0.412
12/30/1993,0.388
12/29/1993,0.392
12/28/1993,0.381
12/27/1993,0.369
12/23/1993,0.384
12/22/1993,0.394
12/21/1993,0.394
12/20/1993,0.396
12/17/1993,0.402
12/16/1993,0.402
12/15/1993,0.399
12/14/1993,0.396
12/13/1993,0.393
12/10/1993,0.412
12/9/1993,0.402
12/8/1993,0.403
12/7/1993,0.408
12/6/1993,0.404
12/3/1993,0.415
12/2/1993,0.416
12/1/1993,0.426
11/30/1993,0.407
11/29/1993,0.407
11/24/1993,0.438
11/23/1993,0.446
11/22/1993,0.456
11/19/1993,0.46
11/18/1993,0.459
11/17/1993,0.47
11/16/1993,0.462
11/15/1993,0.459
11/12/1993,0.454
11/11/1993,0.463
11/10/1993,0.454
11/9/1993,0.459
11/8/1993,0.462
11/5/1993,0.471
11/4/1993,0.48
11/3/1993,0.482
11/2/1993,0.476
11/1/1993,0.485
10/29/1993,0.473
10/28/1993,0.485
10/27/1993,0.489
10/26/1993,0.484
10/25/1993,0.484
10/22/1993,0.496
10/21/1993,0.506
10/20/1993,0.512
10/19/1993,0.51
10/18/1993,0.513
10/15/1993,0.527
10/14/1993,0.529
10/13/1993,0.526
10/12/1993,0.526
10/11/1993,0.526
10/8/1993,0.517
10/7/1993,0.512
10/6/1993,0.508
10/5/1993,0.508
10/4/1993,0.509
10/1/1993,0.516
09/30/1993,0.51
09/29/1993,0.507
09/28/1993,0.491
09/27/1993,0.486
09/24/1993,0.485
09/23/1993,0.487
09/22/1993,0.488
09/21/1993,0.501
09/20/1993,0.503
09/17/1993,0.489
09/16/1993,0.482
09/15/1993,0.481
09/14/1993,0.482
09/13/1993,0.486
09/10/1993,0.485
09/9/1993,0.486
09/8/1993,0.491
09/7/1993,0.489
09/3/1993,0.508
09/2/1993,0.513
09/1/1993,0.517
08/31/1993,0.518
08/30/1993,0.533
08/27/1993,0.543
08/26/1993,0.534
08/25/1993,0.533
08/24/1993,0.538
08/23/1993,0.542
08/20/1993,0.54
08/19/1993,0.535
08/18/1993,0.541
08/17/1993,0.558
08/16/1993,0.556
08/13/1993,0.562
08/12/1993,0.564
08/11/1993,0.558
08/10/1993,0.536
08/9/1993,0.54
08/6/1993,0.522
08/5/1993,0.52
08/4/1993,0.52
08/3/1993,0.519
08/2/1993,0.522
07/30/1993,0.514
07/29/1993,0.519
07/28/1993,0.524
07/27/1993,0.529
07/26/1993,0.521
07/23/1993,0.521
07/22/1993,0.517
07/21/1993,0.525
07/20/1993,0.518
07/19/1993,0.527
07/16/1993,0.513
07/15/1993,0.524
07/14/1993,0.519
07/13/1993,0.533
07/12/1993,0.532
07/9/1993,0.528
07/8/1993,0.523
07/7/1993,0.527
07/6/1993,0.536
07/2/1993,0.53
07/1/1993,0.538
06/30/1993,0.545
06/29/1993,0.548
06/28/1993,0.551
06/25/1993,0.55
06/24/1993,0.548
06/23/1993,0.541
06/22/1993,0.539
06/21/1993,0.547
06/18/1993,0.549
06/17/1993,0.549
06/16/1993,0.548
06/15/1993,0.539
06/14/1993,0.545
06/11/1993,0.546
06/10/1993,0.548
06/9/1993,0.557
06/8/1993,0.562
06/7/1993,0.561
06/4/1993,0.569
06/3/1993,0.571
06/2/1993,0.583
06/1/1993,0.59
05/28/1993,0.578
05/27/1993,0.581
05/26/1993,0.579
05/25/1993,0.589
05/24/1993,0.587
05/21/1993,0.592
05/20/1993,0.593
05/19/1993,0.591
05/18/1993,0.587
05/17/1993,0.591
05/14/1993,0.589
05/13/1993,0.593
05/12/1993,0.606
05/11/1993,0.611
05/10/1993,0.616
05/7/1993,0.615
05/6/1993,0.618
05/5/1993,0.617
05/4/1993,0.616
05/3/1993,0.618
04/30/1993,0.612
04/29/1993,0.61
04/28/1993,0.596
04/27/1993,0.594
04/26/1993,0.597
04/23/1993,0.599
04/22/1993,0.596
04/21/1993,0.599
04/20/1993,0.603
04/19/1993,0.604
04/16/1993,0.603
04/15/1993,0.604
04/14/1993,0.605
04/13/1993,0.603
04/12/1993,0.602
04/8/1993,0.6
04/7/1993,0.603
04/6/1993,0.598
04/5/1993,0.602
04/2/1993,0.607
04/1/1993,0.607
03/31/1993,0.599
03/30/1993,0.59
03/29/1993,0.596
03/26/1993,0.59
03/25/1993,0.587
03/24/1993,0.579
03/23/1993,0.571
03/22/1993,0.563
03/19/1993,0.576
03/18/1993,0.582
03/17/1993,0.585
03/16/1993,0.582
03/15/1993,0.58
03/12/1993,0.585
03/11/1993,0.573
03/10/1993,0.584
03/9/1993,0.594
03/8/1993,0.595
03/5/1993,0.603
03/4/1993,0.608
03/3/1993,0.59
03/2/1993,0.583
02/26/1993,0.538
02/25/1993,0.531
02/24/1993,0.537
02/23/1993,0.546
02/22/1993,0.544
02/19/1993,0.535
02/18/1993,0.521
02/17/1993,0.521
02/16/1993,0.523
02/12/1993,0.536
02/11/1993,0.552
02/10/1993,0.553
02/9/1993,0.551
02/8/1993,0.554
02/5/1993,0.563
02/4/1993,0.566
02/3/1993,0.559
02/2/1993,0.559
02/1/1993,0.571
01/29/1993,0.559
01/28/1993,0.569
01/27/1993,0.548
01/26/1993,0.549
01/25/1993,0.555
01/22/1993,0.53
01/21/1993,0.529
01/20/1993,0.523
01/19/1993,0.53
01/18/1993,0.539
01/15/1993,0.54
01/14/1993,0.528
01/13/1993,0.518
01/12/1993,0.519
01/11/1993,0.53
01/8/1993,0.536
01/7/1993,0.535
01/6/1993,0.545
01/5/1993,0.548
01/4/1993,0.542
12/31/1992,0.54
12/30/1992,0.539
12/29/1992,0.54
12/28/1992,0.544
12/23/1992,0.551
12/22/1992,0.547
12/21/1992,0.555
12/18/1992,0.561
12/17/1992,0.556
12/16/1992,0.546
12/15/1992,0.523
12/14/1992,0.523
12/11/1992,0.518
12/10/1992,0.521
12/9/1992,0.509
12/8/1992,0.513
12/7/1992,0.521
12/4/1992,0.514
12/3/1992,0.513
12/2/1992,0.521
12/1/1992,0.522
11/30/1992,0.547
11/25/1992,0.55
11/24/1992,0.544
11/23/1992,0.552
11/20/1992,0.562
11/19/1992,0.555
11/18/1992,0.548
11/17/1992,0.548
11/16/1992,0.549
11/13/1992,0.536
11/12/1992,0.539
11/11/1992,0.545
11/10/1992,0.552
11/9/1992,0.562
11/6/1992,0.561
11/5/1992,0.572
11/4/1992,0.564
11/3/1992,0.58
11/2/1992,0.579
10/30/1992,0.622
10/29/1992,0.594
10/28/1992,0.597
10/27/1992,0.599
10/26/1992,0.593
10/23/1992,0.589
10/22/1992,0.586
10/21/1992,0.587
10/20/1992,0.594
10/19/1992,0.592
10/16/1992,0.595
10/15/1992,0.599
10/14/1992,0.591
10/13/1992,0.592
10/12/1992,0.604
10/9/1992,0.61
10/8/1992,0.595
10/7/1992,0.586
10/6/1992,0.585
10/5/1992,0.583
10/2/1992,0.585
10/1/1992,0.579
09/30/1992,0.582
09/29/1992,0.577
09/28/1992,0.589
09/25/1992,0.588
09/24/1992,0.589
09/23/1992,0.591
09/22/1992,0.584
09/21/1992,0.583
09/18/1992,0.591
09/17/1992,0.603
09/16/1992,0.609
09/15/1992,0.608
09/14/1992,0.609
09/11/1992,0.598
09/10/1992,0.597
09/9/1992,0.606
09/8/1992,0.61
09/4/1992,0.612
09/3/1992,0.611
09/2/1992,0.612
09/1/1992,0.612
08/31/1992,0.641
08/28/1992,0.633
08/27/1992,0.617
08/26/1992,0.622
08/25/1992,0.621
08/24/1992,0.627
08/21/1992,0.606
08/20/1992,0.616
08/19/1992,0.612
08/18/1992,0.621
08/17/1992,0.616
08/14/1992,0.608
08/13/1992,0.611
08/12/1992,0.606
08/11/1992,0.598
08/10/1992,0.598
08/7/1992,0.601
08/6/1992,0.603
08/5/1992,0.59
08/4/1992,0.597
08/3/1992,0.599
07/31/1992,0.608
07/30/1992,0.612
07/29/1992,0.622
07/28/1992,0.618
07/27/1992,0.619
07/24/1992,0.621
07/23/1992,0.613
07/22/1992,0.607
07/21/1992,0.604
07/20/1992,0.602
07/17/1992,0.598
07/16/1992,0.61
07/15/1992,0.599
07/14/1992,0.59
07/13/1992,0.581
07/10/1992,0.58
07/9/1992,0.588
07/8/1992,0.585
07/7/1992,0.599
07/6/1992,0.616
07/2/1992,0.625
07/1/1992,0.618
06/30/1992,0.603
06/29/1992,0.616
06/26/1992,0.629
06/25/1992,0.634
06/24/1992,0.652
06/23/1992,0.651
06/22/1992,0.65
06/19/1992,0.654
06/18/1992,0.652
06/17/1992,0.656
06/16/1992,0.654
06/15/1992,0.657
06/12/1992,0.66
06/11/1992,0.661
06/10/1992,0.672
06/9/1992,0.669
06/8/1992,0.672
06/5/1992,0.672
06/4/1992,0.672
06/3/1992,0.673
06/2/1992,0.658
06/1/1992,0.659
05/29/1992,0.659
05/28/1992,0.652
05/27/1992,0.654
05/26/1992,0.663
05/22/1992,0.639
05/21/1992,0.633
05/20/1992,0.623
05/19/1992,0.62
05/18/1992,0.63
05/15/1992,0.637
05/14/1992,0.63
05/13/1992,0.637
05/12/1992,0.648
05/11/1992,0.653
05/8/1992,0.649
05/7/1992,0.648
05/6/1992,0.653
05/5/1992,0.656
05/4/1992,0.665
05/1/1992,0.647
04/30/1992,0.632
04/29/1992,0.627
04/28/1992,0.626
04/27/1992,0.621
04/24/1992,0.622
04/23/1992,0.617
04/22/1992,0.617
04/21/1992,0.625
04/20/1992,0.618
04/16/1992,0.612
04/15/1992,0.594
04/14/1992,0.582
04/13/1992,0.598
04/10/1992,0.614
04/9/1992,0.617
04/8/1992,0.627
04/7/1992,0.623
04/6/1992,0.635
04/3/1992,0.627
04/2/1992,0.617
04/1/1992,0.623
03/31/1992,0.588
03/30/1992,0.585
03/27/1992,0.585
03/26/1992,0.586
03/25/1992,0.577
03/24/1992,0.578
03/23/1992,0.578
03/20/1992,0.575
03/19/1992,0.593
03/18/1992,0.588
03/17/1992,0.602
03/16/1992,0.6
03/13/1992,0.594
03/12/1992,0.586
03/11/1992,0.58
03/10/1992,0.58
03/9/1992,0.575
03/6/1992,0.577
03/5/1992,0.593
03/4/1992,0.596
03/3/1992,0.591
03/2/1992,0.588
02/28/1992,0.555
02/27/1992,0.563
02/26/1992,0.546
02/25/1992,0.537
02/24/1992,0.537
02/21/1992,0.546
02/20/1992,0.555
02/19/1992,0.558
02/18/1992,0.551
02/14/1992,0.575
02/13/1992,0.586
02/12/1992,0.58
02/11/1992,0.571
02/10/1992,0.588
02/7/1992,0.597
02/6/1992,0.592
02/5/1992,0.596
02/4/1992,0.591
02/3/1992,0.578
01/31/1992,0.559
01/30/1992,0.555
01/29/1992,0.546
01/28/1992,0.54
01/27/1992,0.549
01/24/1992,0.537
01/23/1992,0.529
01/22/1992,0.537
01/21/1992,0.53
01/20/1992,0.542
01/17/1992,0.551
01/16/1992,0.544
01/15/1992,0.533
01/14/1992,0.525
01/13/1992,0.531
01/10/1992,0.522
01/9/1992,0.503
01/8/1992,0.51
01/7/1992,0.531
01/6/1992,0.552
01/3/1992,0.553
01/2/1992,0.554
12/31/1991,0.549
12/30/1991,0.54
12/27/1991,0.534
12/26/1991,0.53
12/24/1991,0.539
12/23/1991,0.53
12/20/1991,0.522
12/19/1991,0.536
12/18/1991,0.542
12/17/1991,0.546
12/16/1991,0.547
12/13/1991,0.549
12/12/1991,0.546
12/11/1991,0.534
12/10/1991,0.54
12/9/1991,0.533
12/6/1991,0.55
12/5/1991,0.56
12/4/1991,0.571
12/3/1991,0.567
12/2/1991,0.586
11/29/1991,0.623
11/27/1991,0.62
11/26/1991,0.616
11/25/1991,0.622
11/22/1991,0.625
11/21/1991,0.638
11/20/1991,0.635
11/19/1991,0.626
11/18/1991,0.634
11/15/1991,0.64
11/14/1991,0.632
11/13/1991,0.621
11/12/1991,0.615
11/11/1991,0.626
11/8/1991,0.649
11/7/1991,0.654
11/6/1991,0.663
11/5/1991,0.672
11/4/1991,0.662
11/1/1991,0.655
10/31/1991,0.669
10/30/1991,0.669
10/29/1991,0.664
10/28/1991,0.656
10/25/1991,0.647
10/24/1991,0.653
10/23/1991,0.639
10/22/1991,0.652
10/21/1991,0.654
10/18/1991,0.657
10/17/1991,0.645
10/16/1991,0.633
10/15/1991,0.633
10/14/1991,0.63
10/11/1991,0.624
10/10/1991,0.625
10/9/1991,0.632
10/8/1991,0.635
10/7/1991,0.629
10/4/1991,0.623
10/3/1991,0.628
10/2/1991,0.618
10/1/1991,0.611
09/30/1991,0.622
09/27/1991,0.63
09/26/1991,0.62
09/25/1991,0.618
09/24/1991,0.611
09/23/1991,0.614
09/20/1991,0.609
09/19/1991,0.61
09/18/1991,0.618
09/17/1991,0.611
09/16/1991,0.618
09/13/1991,0.617
09/12/1991,0.614
09/11/1991,0.615
09/10/1991,0.609
09/9/1991,0.608
09/6/1991,0.612
09/5/1991,0.615
09/4/1991,0.622
09/3/1991,0.63
08/30/1991,0.65
08/29/1991,0.66
08/28/1991,0.653
08/27/1991,0.668
08/26/1991,0.673
08/23/1991,0.681
08/22/1991,0.686
08/21/1991,0.679
08/20/1991,0.691
08/19/1991,0.684
08/16/1991,0.67
08/15/1991,0.668
08/14/1991,0.663
08/13/1991,0.682
08/12/1991,0.697
08/9/1991,0.695
08/8/1991,0.687
08/7/1991,0.668
08/6/1991,0.666
08/5/1991,0.672
08/2/1991,0.664
08/1/1991,0.652
07/31/1991,0.682
07/30/1991,0.664
07/29/1991,0.648
07/26/1991,0.658
07/25/1991,0.66
07/24/1991,0.662
07/23/1991,0.652
07/22/1991,0.654
07/19/1991,0.655
07/18/1991,0.643
07/17/1991,0.647
07/16/1991,0.633
07/15/1991,0.634
07/12/1991,0.646
07/11/1991,0.641
07/10/1991,0.642
07/9/1991,0.634
07/8/1991,0.63
07/5/1991,0.626
07/3/1991,0.62
07/2/1991,0.634
07/1/1991,0.628
06/28/1991,0.632
06/27/1991,0.633
06/26/1991,0.617
06/25/1991,0.612
06/24/1991,0.609
06/21/1991,0.611
06/20/1991,0.614
06/19/1991,0.619
06/18/1991,0.628
06/17/1991,0.63
06/14/1991,0.625
06/13/1991,0.625
06/12/1991,0.633
06/11/1991,0.64
06/10/1991,0.635
06/7/1991,0.643
06/6/1991,0.644
06/5/1991,0.641
06/4/1991,0.663
06/3/1991,0.663
05/31/1991,0.669
05/30/1991,0.683
05/29/1991,0.67
05/28/1991,0.679
05/24/1991,0.674
05/23/1991,0.672
05/22/1991,0.67
05/21/1991,0.688
05/20/1991,0.689
05/17/1991,0.69
05/16/1991,0.687
05/15/1991,0.691
05/14/1991,0.7
05/13/1991,0.713
05/10/1991,0.712
05/9/1991,0.73
05/8/1991,0.721
05/7/1991,0.713
05/6/1991,0.722
05/3/1991,0.714
05/2/1991,0.708
05/1/1991,0.708
04/30/1991,0.7
04/29/1991,0.721
04/26/1991,0.723
04/25/1991,0.715
04/24/1991,0.718
04/23/1991,0.718
04/22/1991,0.744
04/19/1991,0.736
04/18/1991,0.738
04/17/1991,0.742
04/16/1991,0.723
04/15/1991,0.726
04/12/1991,0.71
04/11/1991,0.7
04/10/1991,0.707
04/9/1991,0.685
04/8/1991,0.69
04/5/1991,0.678
04/4/1991,0.673
04/3/1991,0.66
04/2/1991,0.677
04/1/1991,0.661
03/28/1991,0.712
03/27/1991,0.723
03/26/1991,0.705
03/25/1991,0.697
03/22/1991,0.712
03/21/1991,0.731
03/20/1991,0.738
03/19/1991,0.718
03/18/1991,0.698
03/15/1991,0.701
03/14/1991,0.699
03/13/1991,0.713
03/12/1991,0.717
03/11/1991,0.714
03/8/1991,0.7
03/7/1991,0.704
03/6/1991,0.71
03/5/1991,0.709
03/4/1991,0.694
03/1/1991,0.655
02/28/1991,0.679
02/27/1991,0.672
02/26/1991,0.64
02/25/1991,0.607
02/22/1991,0.593
02/21/1991,0.597
02/20/1991,0.607
02/19/1991,0.586
02/15/1991,0.59
02/14/1991,0.616
02/13/1991,0.624
02/12/1991,0.634
02/11/1991,0.625
02/8/1991,0.612
02/7/1991,0.606
02/6/1991,0.617
02/5/1991,0.607
02/4/1991,0.609
02/1/1991,0.611
01/31/1991,0.683
01/30/1991,0.65
01/29/1991,0.649
01/28/1991,0.621
01/25/1991,0.627
01/24/1991,0.626
01/23/1991,0.631
01/22/1991,0.636
01/21/1991,0.595
01/18/1991,0.578
01/17/1991,0.603
01/16/1991,0.822
01/15/1991,0.77
01/14/1991,0.823
01/11/1991,0.729
01/10/1991,0.741
01/9/1991,0.733
01/8/1991,0.702
01/7/1991,0.716
01/4/1991,0.646
01/3/1991,0.659
01/2/1991,0.681
12/31/1990,0.709
12/28/1990,0.696
12/27/1990,0.686
12/26/1990,0.681
12/21/1990,0.662
12/20/1990,0.667
12/19/1990,0.674
12/18/1990,0.667
12/17/1990,0.663
12/14/1990,0.662
12/13/1990,0.656
12/12/1990,0.645
12/11/1990,0.668
12/10/1990,0.677
12/7/1990,0.665
12/6/1990,0.666
12/5/1990,0.688
12/4/1990,0.759
12/3/1990,0.735
11/30/1990,0.776
11/29/1990,0.834
11/28/1990,0.838
11/27/1990,0.847
11/26/1990,0.842
11/23/1990,0.824
11/21/1990,0.79
11/20/1990,0.775
11/19/1990,0.804
11/16/1990,0.776
11/15/1990,0.802
11/14/1990,0.804
11/13/1990,0.831
11/12/1990,0.835
11/9/1990,0.882
11/8/1990,0.905
11/7/1990,0.912
11/6/1990,0.878
11/5/1990,0.875
11/2/1990,0.892
11/1/1990,0.923
10/31/1990,0.964
10/30/1990,0.937
10/29/1990,0.924
10/26/1990,0.915
10/25/1990,0.936
10/24/1990,0.854
10/23/1990,0.799
10/22/1990,0.765
10/19/1990,0.879
10/18/1990,0.93
10/17/1990,0.934
10/16/1990,0.979
10/15/1990,0.95
10/12/1990,0.971
10/11/1990,0.96
10/10/1990,0.936
10/9/1990,0.983
10/8/1990,0.938
10/5/1990,0.926
10/4/1990,0.909
10/3/1990,0.931
10/2/1990,0.869
10/1/1990,0.939
09/28/1990,1.018
09/27/1990,1.027
09/26/1990,1.001
09/25/1990,1.021
09/24/1990,1.042
09/21/1990,0.975
09/20/1990,0.915
09/19/1990,0.899
09/18/1990,0.916
09/17/1990,0.917
09/14/1990,0.904
09/13/1990,0.934
09/12/1990,0.938
09/11/1990,0.936
09/10/1990,0.947
09/7/1990,0.931
09/6/1990,0.951
09/5/1990,0.923
09/4/1990,0.945
08/31/1990,0.963
08/30/1990,0.891
08/29/1990,0.847
08/28/1990,0.885
08/27/1990,0.876
08/24/1990,1.047
08/23/1990,1.086
08/22/1990,1.041
08/21/1990,1.013
08/20/1990,1.003
08/17/1990,0.96
08/16/1990,0.875
08/15/1990,0.841
08/14/1990,0.827
08/10/1990,0.795
08/9/1990,0.764
08/8/1990,0.762
08/7/1990,0.824
08/6/1990,0.815
08/3/1990,0.722
08/2/1990,0.681
08/1/1990,0.643
07/31/1990,0.656
07/30/1990,0.659
07/27/1990,0.649
07/26/1990,0.653
07/25/1990,0.63
07/24/1990,0.633
07/23/1990,0.634
07/20/1990,0.63
07/19/1990,0.631
07/18/1990,0.627
07/17/1990,0.641
07/16/1990,0.644
07/13/1990,0.62
07/12/1990,0.606
07/11/1990,0.58
07/10/1990,0.579
07/9/1990,0.569
07/6/1990,0.554
07/5/1990,0.55
07/3/1990,0.561
07/2/1990,0.567
06/29/1990,0.626
06/28/1990,0.609
06/27/1990,0.595
06/26/1990,0.613
06/25/1990,0.623
06/22/1990,0.614
06/21/1990,0.602
06/20/1990,0.605
06/19/1990,0.599
06/18/1990,0.616
06/15/1990,0.615
06/14/1990,0.601
06/13/1990,0.589
06/12/1990,0.585
06/11/1990,0.559
06/8/1990,0.566
06/7/1990,0.576
06/6/1990,0.584
06/5/1990,0.578
06/4/1990,0.596
06/1/1990,0.608
05/31/1990,0.639
05/30/1990,0.669
05/29/1990,0.658
05/25/1990,0.634
05/24/1990,0.632
05/23/1990,0.625
05/22/1990,0.63
05/21/1990,0.634
05/18/1990,0.644
05/17/1990,0.642
05/16/1990,0.642
05/15/1990,0.635
05/14/1990,0.63
05/11/1990,0.619
05/10/1990,0.637
05/9/1990,0.64
05/8/1990,0.625
05/7/1990,0.619
05/4/1990,0.611
05/3/1990,0.597
05/2/1990,0.61
05/1/1990,0.61
04/30/1990,0.6
04/27/1990,0.61
04/26/1990,0.613
04/25/1990,0.626
04/24/1990,0.644
04/23/1990,0.635
04/20/1990,0.619
04/19/1990,0.618
04/18/1990,0.596
04/17/1990,0.604
04/16/1990,0.602
04/12/1990,0.586
04/11/1990,0.596
04/10/1990,0.584
04/9/1990,0.609
04/6/1990,0.621
04/5/1990,0.633
04/4/1990,0.649
04/3/1990,0.659
04/2/1990,0.661
03/30/1990,0.599
03/29/1990,0.577
03/28/1990,0.575
03/27/1990,0.572
03/26/1990,0.577
03/23/1990,0.577
03/22/1990,0.574
03/21/1990,0.579
03/20/1990,0.573
03/19/1990,0.564
03/16/1990,0.57
03/15/1990,0.579
03/14/1990,0.559
03/13/1990,0.549
03/12/1990,0.543
03/9/1990,0.55
03/8/1990,0.561
03/7/1990,0.567
03/6/1990,0.578
03/5/1990,0.593
03/2/1990,0.565
03/1/1990,0.558
02/28/1990,0.558
02/27/1990,0.576
02/26/1990,0.598
02/23/1990,0.599
02/22/1990,0.603
02/21/1990,0.594
02/20/1990,0.602
02/16/1990,0.6
02/15/1990,0.606
02/14/1990,0.599
02/13/1990,0.604
02/12/1990,0.604
02/9/1990,0.596
02/8/1990,0.612
02/7/1990,0.612
02/6/1990,0.619
02/5/1990,0.624
02/2/1990,0.642
02/1/1990,0.627
01/31/1990,0.617
01/30/1990,0.627
01/29/1990,0.628
01/26/1990,0.621
01/25/1990,0.606
01/24/1990,0.594
01/23/1990,0.596
01/22/1990,0.606
01/19/1990,0.616
01/18/1990,0.607
01/17/1990,0.614
01/16/1990,0.643
01/15/1990,0.636
01/12/1990,0.651
01/11/1990,0.655
01/10/1990,0.643
01/9/1990,0.609
01/8/1990,0.585
01/5/1990,0.622
01/4/1990,0.653
01/3/1990,0.672
01/2/1990,0.657
12/29/1989,0.632
12/28/1989,0.601
12/27/1989,0.609
12/26/1989,0.609
12/22/1989,0.555
12/21/1989,0.556
12/20/1989,0.532
12/19/1989,0.539
12/18/1989,0.545
12/15/1989,0.528
12/14/1989,0.516
12/13/1989,0.519
12/12/1989,0.52
12/11/1989,0.524
12/8/1989,0.527
12/7/1989,0.528
12/6/1989,0.532
12/5/1989,0.528
12/4/1989,0.525
12/1/1989,0.521
11/30/1989,0.503
11/29/1989,0.497
11/28/1989,0.495
11/27/1989,0.509
11/24/1989,0.516
11/22/1989,0.517
11/21/1989,0.52
11/20/1989,0.522
11/17/1989,0.52
11/16/1989,0.513
11/15/1989,0.506
11/14/1989,0.503
11/13/1989,0.511
11/10/1989,0.518
11/9/1989,0.522
11/8/1989,0.519
11/7/1989,0.524
11/6/1989,0.525
11/3/1989,0.521
11/2/1989,0.522
11/1/1989,0.529
10/31/1989,0.525
10/30/1989,0.534
10/27/1989,0.546
10/26/1989,0.536
10/25/1989,0.534
10/24/1989,0.528
10/23/1989,0.535
10/20/1989,0.545
10/19/1989,0.547
10/18/1989,0.546
10/17/1989,0.558
10/16/1989,0.559
10/13/1989,0.562
10/12/1989,0.556
10/11/1989,0.557
10/10/1989,0.56
10/9/1989,0.55
10/6/1989,0.548
10/5/1989,0.55
10/4/1989,0.554
10/3/1989,0.566
10/2/1989,0.568
09/29/1989,0.604
09/28/1989,0.609
09/27/1989,0.587
09/26/1989,0.604
09/25/1989,0.617
09/22/1989,0.62
09/21/1989,0.619
09/20/1989,0.597
09/19/1989,0.577
09/18/1989,0.581
09/15/1989,0.576
09/14/1989,0.567
09/13/1989,0.578
09/12/1989,0.569
09/11/1989,0.571
09/8/1989,0.571
09/7/1989,0.556
09/6/1989,0.551
09/5/1989,0.538
09/1/1989,0.533
08/31/1989,0.55
08/30/1989,0.55
08/29/1989,0.546
08/28/1989,0.537
08/25/1989,0.533
08/24/1989,0.542
08/23/1989,0.539
08/22/1989,0.536
08/21/1989,0.528
08/18/1989,0.527
08/17/1989,0.524
08/16/1989,0.529
08/15/1989,0.521
08/14/1989,0.521
08/11/1989,0.515
08/10/1989,0.514
08/9/1989,0.506
08/8/1989,0.504
08/7/1989,0.498
08/4/1989,0.502
08/3/1989,0.507
08/2/1989,0.509
08/1/1989,0.514
07/31/1989,0.535
07/28/1989,0.53
07/27/1989,0.52
07/26/1989,0.513
07/25/1989,0.521
07/24/1989,0.532
07/21/1989,0.545
07/20/1989,0.541
07/19/1989,0.547
07/18/1989,0.561
07/17/1989,0.571
07/14/1989,0.568
07/13/1989,0.575
07/12/1989,0.574
07/11/1989,0.566
07/10/1989,0.565
07/7/1989,0.566
07/6/1989,0.563
07/5/1989,0.574
06/30/1989,0.599
06/29/1989,0.615
06/28/1989,0.612
06/27/1989,0.637
06/26/1989,0.637
06/23/1989,0.629
06/22/1989,0.61
06/21/1989,0.591
06/20/1989,0.592
06/19/1989,0.59
06/16/1989,0.581
06/15/1989,0.594
06/14/1989,0.599
06/13/1989,0.599
06/12/1989,0.617
06/9/1989,0.637
06/8/1989,0.64
06/7/1989,0.633
06/6/1989,0.649
06/5/1989,0.658
06/2/1989,0.649
06/1/1989,0.633
05/31/1989,0.674
05/30/1989,0.666
05/26/1989,0.664
05/25/1989,0.666
05/24/1989,0.668
05/23/1989,0.642
05/22/1989,0.639
05/19/1989,0.652
05/18/1989,0.645
05/17/1989,0.633
05/16/1989,0.658
05/15/1989,0.661
05/12/1989,0.67
05/11/1989,0.673
05/10/1989,0.647
05/9/1989,0.655
05/8/1989,0.65
05/5/1989,0.675
05/4/1989,0.696
05/3/1989,0.694
05/2/1989,0.713
05/1/1989,0.726
04/28/1989,0.742
04/27/1989,0.781
04/26/1989,0.781
04/25/1989,0.762
04/24/1989,0.722
04/21/1989,0.742
04/20/1989,0.747
04/19/1989,0.746
04/18/1989,0.739
04/17/1989,0.721
04/14/1989,0.7
04/13/1989,0.688
04/12/1989,0.701
04/11/1989,0.69
04/10/1989,0.673
04/7/1989,0.65
04/6/1989,0.646
04/5/1989,0.664
04/4/1989,0.695
04/3/1989,0.679
03/31/1989,0.653
03/30/1989,0.632
03/29/1989,0.602
03/28/1989,0.587
03/27/1989,0.598
03/23/1989,0.58
03/22/1989,0.574
03/21/1989,0.571
03/20/1989,0.555
03/17/1989,0.556
03/16/1989,0.558
03/15/1989,0.558
03/14/1989,0.535
03/13/1989,0.532
03/10/1989,0.518
03/9/1989,0.516
03/8/1989,0.519
03/7/1989,0.514
03/6/1989,0.516
03/3/1989,0.515
03/2/1989,0.522
03/1/1989,0.516
02/28/1989,0.508
02/27/1989,0.507
02/24/1989,0.501
02/23/1989,0.497
02/22/1989,0.491
02/21/1989,0.484
02/17/1989,0.493
02/16/1989,0.491
02/15/1989,0.488
02/14/1989,0.473
02/13/1989,0.482
02/10/1989,0.476
02/9/1989,0.484
02/8/1989,0.489
02/7/1989,0.493
02/6/1989,0.487
02/3/1989,0.492
02/2/1989,0.496
02/1/1989,0.496
01/31/1989,0.477
01/30/1989,0.489
01/27/1989,0.496
01/26/1989,0.499
01/25/1989,0.517
01/24/1989,0.505
01/23/1989,0.496
01/20/1989,0.518
01/19/1989,0.521
01/18/1989,0.523
01/17/1989,0.511
01/16/1989,0.509
01/13/1989,0.5
01/12/1989,0.493
01/11/1989,0.487
01/10/1989,0.479
01/9/1989,0.48
01/6/1989,0.477
01/5/1989,0.474
01/4/1989,0.473
01/3/1989,0.473
12/30/1988,0.479
12/29/1988,0.47
12/28/1988,0.47
12/27/1988,0.475
12/23/1988,0.469
12/22/1988,0.466
12/21/1988,0.457
12/20/1988,0.456
12/19/1988,0.454
12/16/1988,0.451
12/15/1988,0.437
12/14/1988,0.437
12/13/1988,0.433
12/12/1988,0.442
12/9/1988,0.445
12/8/1988,0.439
12/7/1988,0.438
12/6/1988,0.444
12/5/1988,0.444
12/2/1988,0.456
12/1/1988,0.46
11/30/1988,0.491
11/29/1988,0.469
11/28/1988,0.464
11/23/1988,0.445
11/22/1988,0.453
11/21/1988,0.443
11/18/1988,0.457
11/17/1988,0.457
11/16/1988,0.465
11/15/1988,0.47
11/14/1988,0.482
11/11/1988,0.467
11/10/1988,0.474
11/9/1988,0.473
11/8/1988,0.464
11/7/1988,0.473
11/4/1988,0.463
11/3/1988,0.452
11/2/1988,0.438
11/1/1988,0.436
10/31/1988,0.502
10/28/1988,0.518
10/27/1988,0.507
10/26/1988,0.517
10/25/1988,0.519
10/24/1988,0.5
10/21/1988,0.512
10/20/1988,0.494
10/19/1988,0.491
10/18/1988,0.469
10/17/1988,0.468
10/14/1988,0.454
10/13/1988,0.442
10/12/1988,0.427
10/11/1988,0.408
10/10/1988,0.414
10/7/1988,0.401
10/6/1988,0.395
10/5/1988,0.394
10/4/1988,0.411
10/3/1988,0.42
09/30/1988,0.479
09/29/1988,0.464
09/28/1988,0.462
09/27/1988,0.456
09/26/1988,0.453
09/23/1988,0.45
09/22/1988,0.459
09/21/1988,0.454
09/20/1988,0.444
09/19/1988,0.442
09/16/1988,0.442
09/15/1988,0.456
09/14/1988,0.47
09/13/1988,0.438
09/12/1988,0.426
09/9/1988,0.421
09/8/1988,0.43
09/7/1988,0.426
09/6/1988,0.425
09/2/1988,0.44
09/1/1988,0.447
08/31/1988,0.468
08/30/1988,0.48
08/29/1988,0.472
08/26/1988,0.468
08/25/1988,0.464
08/24/1988,0.475
08/23/1988,0.472
08/22/1988,0.475
08/19/1988,0.476
08/18/1988,0.473
08/17/1988,0.466
08/16/1988,0.461
08/15/1988,0.464
08/12/1988,0.46
08/11/1988,0.46
08/10/1988,0.456
08/9/1988,0.462
08/8/1988,0.467
08/5/1988,0.452
08/4/1988,0.45
08/3/1988,0.452
08/2/1988,0.479
08/1/1988,0.486
07/29/1988,0.517
07/28/1988,0.52
07/27/1988,0.508
07/26/1988,0.502
07/25/1988,0.512
07/22/1988,0.521
07/21/1988,0.521
07/20/1988,0.509
07/19/1988,0.507
07/18/1988,0.511
07/15/1988,0.497
07/14/1988,0.505
07/13/1988,0.505
07/12/1988,0.535
07/11/1988,0.521
07/8/1988,0.532
07/7/1988,0.531
07/6/1988,0.506
07/5/1988,0.497
07/1/1988,0.484
06/30/1988,0.519
06/29/1988,0.526
06/28/1988,0.515
06/27/1988,0.511
06/24/1988,0.509
06/23/1988,0.511
06/22/1988,0.504
06/21/1988,0.5
06/20/1988,0.495
06/17/1988,0.5
06/16/1988,0.502
06/15/1988,0.492
06/14/1988,0.495
06/13/1988,0.485
06/10/1988,0.492
06/9/1988,0.497
06/8/1988,0.503
06/7/1988,0.502
06/6/1988,0.497
06/3/1988,0.509
06/2/1988,0.515
06/1/1988,0.517
05/31/1988,0.53
05/27/1988,0.526
05/26/1988,0.524
05/25/1988,0.517
05/24/1988,0.519
05/23/1988,0.514
05/20/1988,0.524
05/19/1988,0.523
05/18/1988,0.522
05/17/1988,0.527
05/16/1988,0.527
05/13/1988,0.523
05/12/1988,0.519
05/11/1988,0.523
05/10/1988,0.516
05/9/1988,0.516
05/6/1988,0.515
05/5/1988,0.506
05/4/1988,0.497
05/3/1988,0.503
05/2/1988,0.494
04/29/1988,0.517
04/28/1988,0.518
04/27/1988,0.524
04/26/1988,0.524
04/25/1988,0.521
04/22/1988,0.523
04/21/1988,0.525
04/20/1988,0.514
04/19/1988,0.521
04/18/1988,0.533
04/15/1988,0.526
04/14/1988,0.524
04/13/1988,0.524
04/12/1988,0.521
04/11/1988,0.51
04/8/1988,0.488
04/7/1988,0.488
04/6/1988,0.484
04/5/1988,0.486
04/4/1988,0.494
03/31/1988,0.487
03/30/1988,0.487
03/29/1988,0.483
03/28/1988,0.48
03/25/1988,0.479
03/24/1988,0.473
03/23/1988,0.473
03/22/1988,0.463
03/21/1988,0.461
03/18/1988,0.46
03/17/1988,0.456
03/16/1988,0.452
03/15/1988,0.444
03/14/1988,0.444
03/11/1988,0.456
03/10/1988,0.451
03/9/1988,0.44
03/8/1988,0.437
03/7/1988,0.439
03/4/1988,0.445
03/3/1988,0.444
03/2/1988,0.449
03/1/1988,0.453
02/29/1988,0.457
02/26/1988,0.453
02/25/1988,0.454
02/24/1988,0.464
02/23/1988,0.469
02/22/1988,0.463
02/19/1988,0.464
02/18/1988,0.46
02/17/1988,0.467
02/16/1988,0.463
02/12/1988,0.463
02/11/1988,0.467
02/10/1988,0.465
02/9/1988,0.476
02/8/1988,0.481
02/5/1988,0.472
02/4/1988,0.468
02/3/1988,0.466
02/2/1988,0.459
02/1/1988,0.456
01/29/1988,0.454
01/28/1988,0.455
01/27/1988,0.45
01/26/1988,0.454
01/25/1988,0.451
01/22/1988,0.445
01/21/1988,0.45
01/20/1988,0.457
01/19/1988,0.458
01/18/1988,0.458
01/15/1988,0.449
01/14/1988,0.45
01/13/1988,0.435
01/12/1988,0.435
01/11/1988,0.44
01/8/1988,0.453
01/7/1988,0.457
01/6/1988,0.461
01/5/1988,0.459
01/4/1988,0.461
12/31/1987,0.437
12/30/1987,0.437
12/29/1987,0.439
12/28/1987,0.431
12/24/1987,0.434
12/23/1987,0.438
12/22/1987,0.442
12/21/1987,0.413
12/18/1987,0.409
12/17/1987,0.417
12/16/1987,0.417
12/15/1987,0.431
12/14/1987,0.451
12/11/1987,0.468
12/10/1987,0.467
12/9/1987,0.467
12/8/1987,0.465
12/7/1987,0.468
12/4/1987,0.48
12/3/1987,0.484
12/2/1987,0.483
12/1/1987,0.486
11/30/1987,0.493
11/25/1987,0.498
11/24/1987,0.498
11/23/1987,0.496
11/20/1987,0.495
11/19/1987,0.492
11/18/1987,0.494
11/17/1987,0.491
11/16/1987,0.496
11/13/1987,0.504
11/12/1987,0.508
11/11/1987,0.508
11/10/1987,0.507
11/9/1987,0.501
11/6/1987,0.507
11/5/1987,0.51
11/4/1987,0.509
11/3/1987,0.515
11/2/1987,0.513
10/30/1987,0.542
10/29/1987,0.539
10/28/1987,0.54
10/27/1987,0.546
10/26/1987,0.537
10/23/1987,0.544
10/22/1987,0.541
10/21/1987,0.535
10/20/1987,0.525
10/19/1987,0.527
10/16/1987,0.538
10/15/1987,0.524
10/14/1987,0.524
10/13/1987,0.518
10/12/1987,0.515
10/9/1987,0.515
10/8/1987,0.513
10/7/1987,0.511
10/6/1987,0.506
10/5/1987,0.515
10/2/1987,0.515
10/1/1987,0.508
09/30/1987,0.515
09/29/1987,0.514
09/28/1987,0.512
09/25/1987,0.513
09/24/1987,0.513
09/23/1987,0.51
09/22/1987,0.502
09/21/1987,0.503
09/18/1987,0.504
09/17/1987,0.51
09/16/1987,0.512
09/15/1987,0.514
09/14/1987,0.511
09/11/1987,0.503
09/10/1987,0.51
09/9/1987,0.503
09/8/1987,0.494
09/4/1987,0.502
09/3/1987,0.504
09/2/1987,0.502
09/1/1987,0.498
08/31/1987,0.507
08/28/1987,0.504
08/27/1987,0.51
08/26/1987,0.509
08/25/1987,0.493
08/24/1987,0.492
08/21/1987,0.497
08/20/1987,0.504
08/19/1987,0.508
08/18/1987,0.515
08/17/1987,0.516
08/14/1987,0.531
08/13/1987,0.541
08/12/1987,0.545
08/11/1987,0.546
08/10/1987,0.543
08/7/1987,0.546
08/6/1987,0.548
08/5/1987,0.55
08/4/1987,0.559
08/3/1987,0.559
07/31/1987,0.545
07/30/1987,0.551
07/29/1987,0.56
07/28/1987,0.559
07/27/1987,0.545
07/24/1987,0.544
07/23/1987,0.555
07/22/1987,0.558
07/21/1987,0.557
07/20/1987,0.571
07/17/1987,0.571
07/16/1987,0.566
07/15/1987,0.565
07/14/1987,0.555
07/13/1987,0.55
07/10/1987,0.557
07/9/1987,0.556
07/8/1987,0.553
07/7/1987,0.553
07/6/1987,0.557
07/2/1987,0.554
07/1/1987,0.549
06/30/1987,0.553
06/29/1987,0.558
06/26/1987,0.559
06/25/1987,0.543
06/24/1987,0.543
06/23/1987,0.542
06/22/1987,0.541
06/19/1987,0.554
06/18/1987,0.557
06/17/1987,0.554
06/16/1987,0.558
06/15/1987,0.56
06/12/1987,0.56
06/11/1987,0.561
06/10/1987,0.565
06/9/1987,0.565
06/8/1987,0.564
06/5/1987,0.556
06/4/1987,0.554
06/3/1987,0.556
06/2/1987,0.548
06/1/1987,0.545
05/29/1987,0.552
05/28/1987,0.549
05/27/1987,0.549
05/26/1987,0.549
05/22/1987,0.551
05/21/1987,0.548
05/20/1987,0.544
05/19/1987,0.553
05/18/1987,0.553
05/15/1987,0.555
05/14/1987,0.549
05/13/1987,0.544
05/12/1987,0.538
05/11/1987,0.542
05/8/1987,0.536
05/7/1987,0.532
05/6/1987,0.535
05/5/1987,0.525
05/4/1987,0.522
05/1/1987,0.522
04/30/1987,0.52
04/29/1987,0.515
04/28/1987,0.529
04/27/1987,0.529
04/24/1987,0.522
04/23/1987,0.514
04/22/1987,0.507
04/21/1987,0.511
04/20/1987,0.506
04/16/1987,0.506
04/15/1987,0.508
04/14/1987,0.5
04/13/1987,0.506
04/10/1987,0.505
04/9/1987,0.512
04/8/1987,0.516
04/7/1987,0.533
04/6/1987,0.529
04/3/1987,0.53
04/2/1987,0.533
04/1/1987,0.535
03/31/1987,0.527
03/30/1987,0.522
03/27/1987,0.528
03/26/1987,0.532
03/25/1987,0.533
03/24/1987,0.54
03/23/1987,0.529
03/20/1987,0.526
03/19/1987,0.527
03/18/1987,0.526
03/17/1987,0.535
03/16/1987,0.532
03/13/1987,0.529
03/12/1987,0.528
03/11/1987,0.529
03/10/1987,0.522
03/9/1987,0.517
03/6/1987,0.52
03/5/1987,0.512
03/4/1987,0.507
03/3/1987,0.501
03/2/1987,0.473
02/27/1987,0.46
02/26/1987,0.467
02/25/1987,0.45
02/24/1987,0.459
02/23/1987,0.47
02/20/1987,0.486
02/19/1987,0.478
02/18/1987,0.478
02/17/1987,0.486
02/13/1987,0.493
02/12/1987,0.496
02/11/1987,0.494
02/10/1987,0.508
02/9/1987,0.509
02/6/1987,0.517
02/5/1987,0.52
02/4/1987,0.509
02/3/1987,0.507
02/2/1987,0.51
01/30/1987,0.499
01/29/1987,0.494
01/28/1987,0.487
01/27/1987,0.484
01/26/1987,0.484
01/23/1987,0.495
01/22/1987,0.506
01/21/1987,0.497
01/20/1987,0.506
01/19/1987,0.496
01/16/1987,0.504
01/15/1987,0.512
01/14/1987,0.516
01/13/1987,0.515
01/12/1987,0.524
01/9/1987,0.519
01/8/1987,0.507
01/7/1987,0.498
01/6/1987,0.498
01/5/1987,0.487
01/2/1987,0.497
12/31/1986,0.479
12/30/1986,0.466
12/29/1986,0.472
12/24/1986,0.46
12/23/1986,0.457
12/22/1986,0.461
12/19/1986,0.447
12/18/1986,0.438
12/17/1986,0.431
12/16/1986,0.431
12/15/1986,0.437
12/12/1986,0.434
12/11/1986,0.425
12/10/1986,0.412
12/9/1986,0.408
12/8/1986,0.411
12/5/1986,0.416
12/4/1986,0.413
12/3/1986,0.413
12/2/1986,0.415
12/1/1986,0.416
11/26/1986,0.413
11/25/1986,0.408
11/24/1986,0.406
11/21/1986,0.416
11/20/1986,0.413
11/19/1986,0.422
11/18/1986,0.421
11/17/1986,0.423
11/14/1986,0.424
11/13/1986,0.423
11/12/1986,0.416
11/11/1986,0.419
11/10/1986,0.416
11/7/1986,0.413
11/6/1986,0.415
11/5/1986,0.412
11/4/1986,0.411
11/3/1986,0.4
10/31/1986,0.406
10/30/1986,0.4
10/29/1986,0.379
10/28/1986,0.389
10/27/1986,0.397
10/24/1986,0.414
10/23/1986,0.412
10/22/1986,0.413
10/21/1986,0.425
10/20/1986,0.427
10/17/1986,0.419
10/16/1986,0.416
10/15/1986,0.421
10/14/1986,0.41
10/13/1986,0.404
10/10/1986,0.423
10/9/1986,0.428
10/8/1986,0.431
10/7/1986,0.423
10/6/1986,0.414
10/3/1986,0.416
10/2/1986,0.429
10/1/1986,0.418
09/30/1986,0.402
09/29/1986,0.402
09/26/1986,0.398
09/25/1986,0.394
09/24/1986,0.402
09/23/1986,0.403
09/22/1986,0.4
09/19/1986,0.408
09/18/1986,0.41
09/17/1986,0.402
09/16/1986,0.402
09/15/1986,0.407
09/12/1986,0.42
09/11/1986,0.416
09/10/1986,0.418
09/9/1986,0.434
09/8/1986,0.441
09/5/1986,0.462
09/4/1986,0.457
09/3/1986,0.455
09/2/1986,0.46
08/29/1986,0.453
08/28/1986,0.448
08/27/1986,0.441
08/26/1986,0.447
08/25/1986,0.444
08/22/1986,0.446
08/21/1986,0.451
08/20/1986,0.45
08/19/1986,0.438
08/18/1986,0.453
08/15/1986,0.448
08/14/1986,0.444
08/13/1986,0.441
08/12/1986,0.434
08/11/1986,0.415
08/8/1986,0.414
08/7/1986,0.423
08/6/1986,0.415
08/5/1986,0.41
08/4/1986,0.369
08/1/1986,0.326
07/31/1986,0.31
07/30/1986,0.33
07/29/1986,0.317
07/28/1986,0.312
07/25/1986,0.311
07/24/1986,0.322
07/23/1986,0.328
07/22/1986,0.341
07/21/1986,0.352
07/18/1986,0.348
07/17/1986,0.343
07/16/1986,0.355
07/15/1986,0.341
07/14/1986,0.32
07/11/1986,0.333
07/10/1986,0.345
07/9/1986,0.337
07/8/1986,0.352
07/7/1986,0.35
07/2/1986,0.376
07/1/1986,0.386
06/30/1986,0.397
06/27/1986,0.413
06/26/1986,0.416
06/25/1986,0.421
06/24/1986,0.404
06/23/1986,0.408
06/20/1986,0.416
06/19/1986,0.417
06/18/1986,0.413
06/17/1986,0.428
06/16/1986,0.43
06/13/1986,0.446
06/12/1986,0.434
06/11/1986,0.429
06/10/1986,0.405
06/9/1986,0.402
06/6/1986,0.41
06/5/1986,0.414
06/4/1986,0.412
06/3/1986,0.442
06/2/1986,0.449
05/30/1986,0.484
05/29/1986,0.503
05/28/1986,0.521
05/27/1986,0.532
05/23/1986,0.537
05/22/1986,0.525
05/21/1986,0.516
05/20/1986,0.535
05/19/1986,0.559
05/16/1986,0.544
05/15/1986,0.534
05/14/1986,0.539
05/13/1986,0.546
05/12/1986,0.541
05/9/1986,0.541
05/8/1986,0.534
05/7/1986,0.528
05/6/1986,0.505
05/5/1986,0.494
05/2/1986,0.516
05/1/1986,0.504
04/30/1986,0.54
04/29/1986,0.538
04/28/1986,0.552
04/25/1986,0.55
04/24/1986,0.517
04/23/1986,0.508
04/22/1986,0.477
04/21/1986,0.462
04/18/1986,0.446
04/17/1986,0.424
04/16/1986,0.423
04/15/1986,0.443
04/14/1986,0.449
04/11/1986,0.46
04/10/1986,0.448
04/9/1986,0.433
04/8/1986,0.415
04/7/1986,0.45
04/4/1986,0.416
04/3/1986,0.393
04/2/1986,0.398
04/1/1986,0.388
03/31/1986,0.368
03/27/1986,0.403
03/26/1986,0.422
03/25/1986,0.418
03/24/1986,0.4
03/21/1986,0.44
03/20/1986,0.42
03/19/1986,0.43
03/18/1986,0.429
03/17/1986,0.424
03/14/1986,0.403
03/13/1986,0.389
03/12/1986,0.428
03/11/1986,0.388
03/10/1986,0.39
03/7/1986,0.375
03/6/1986,0.385
03/5/1986,0.363
03/4/1986,0.379
03/3/1986,0.379
02/28/1986,0.408
02/27/1986,0.419
02/26/1986,0.426
02/25/1986,0.407
02/24/1986,0.418
02/21/1986,0.398
02/20/1986,0.418
02/19/1986,0.438
02/18/1986,0.436
02/14/1986,0.468
02/13/1986,0.459
02/12/1986,0.461
02/11/1986,0.483
02/10/1986,0.489
02/7/1986,0.51
02/6/1986,0.487
02/5/1986,0.49
02/4/1986,0.484
02/3/1986,0.519
01/31/1986,0.58
01/30/1986,0.594
01/29/1986,0.594
01/28/1986,0.627
01/27/1986,0.643
01/24/1986,0.6
01/23/1986,0.597
01/22/1986,0.603
01/21/1986,0.608
01/20/1986,0.598
01/17/1986,0.64
01/16/1986,0.646
01/15/1986,0.67
01/14/1986,0.663
01/13/1986,0.668
01/10/1986,0.687
01/9/1986,0.687
01/8/1986,0.692
01/7/1986,0.698
01/6/1986,0.708
01/3/1986,0.685
01/2/1986,0.677
12/31/1985,0.714
12/30/1985,0.714
12/27/1985,0.708
12/26/1985,0.688
12/23/1985,0.676
12/20/1985,0.681
12/19/1985,0.686
12/18/1985,0.673
12/17/1985,0.672
12/16/1985,0.689
12/13/1985,0.706
12/12/1985,0.708
12/11/1985,0.7
12/10/1985,0.679
12/9/1985,0.723
12/6/1985,0.759
12/5/1985,0.763
12/4/1985,0.752
12/3/1985,0.763
12/2/1985,0.768
11/27/1985,0.79
11/26/1985,0.8
11/25/1985,0.806
11/22/1985,0.806
11/21/1985,0.806
11/20/1985,0.803
11/19/1985,0.801
11/18/1985,0.795
11/15/1985,0.795
11/14/1985,0.796
11/13/1985,0.801
11/12/1985,0.802
11/11/1985,0.807
11/8/1985,0.802
11/7/1985,0.802
11/6/1985,0.796
11/5/1985,0.792
11/4/1985,0.8
11/1/1985,0.806
10/31/1985,0.827
10/30/1985,0.82
10/29/1985,0.817
10/28/1985,0.812
10/25/1985,0.815
10/24/1985,0.818
10/23/1985,0.828
10/22/1985,0.82
10/21/1985,0.823
10/18/1985,0.821
10/17/1985,0.822
10/16/1985,0.808
10/15/1985,0.811
10/14/1985,0.799
10/11/1985,0.783
10/10/1985,0.78
10/9/1985,0.786
10/8/1985,0.787
10/7/1985,0.783
10/4/1985,0.779
10/3/1985,0.778
10/2/1985,0.784
10/1/1985,0.777
09/30/1985,0.816
09/27/1985,0.82
09/26/1985,0.807
09/25/1985,0.795
09/24/1985,0.781
09/23/1985,0.775
09/20/1985,0.766
09/19/1985,0.761
09/18/1985,0.762
09/17/1985,0.764
09/16/1985,0.761
09/13/1985,0.772
09/12/1985,0.778
09/11/1985,0.767
09/10/1985,0.762
09/9/1985,0.748
09/6/1985,0.751
09/5/1985,0.752
09/4/1985,0.746
09/3/1985,0.748
08/30/1985,0.756
08/29/1985,0.764
08/28/1985,0.767
08/27/1985,0.773
08/26/1985,0.78
08/23/1985,0.778
08/22/1985,0.776
08/21/1985,0.768
08/20/1985,0.765
08/19/1985,0.762
08/16/1985,0.76
08/15/1985,0.758
08/14/1985,0.745
08/13/1985,0.736
08/12/1985,0.742
08/9/1985,0.737
08/8/1985,0.73
08/7/1985,0.727
08/6/1985,0.728
08/5/1985,0.734
08/2/1985,0.743
08/1/1985,0.742
07/31/1985,0.766
07/30/1985,0.777
07/29/1985,0.787
07/26/1985,0.792
07/25/1985,0.786
07/24/1985,0.784
07/23/1985,0.798
07/22/1985,0.8
07/19/1985,0.8
07/18/1985,0.808
07/17/1985,0.813
07/16/1985,0.815
07/15/1985,0.82
07/12/1985,0.81
07/11/1985,0.821
07/10/1985,0.83
07/9/1985,0.836
07/8/1985,0.824
07/3/1985,0.812
07/2/1985,0.814
07/1/1985,0.805
06/28/1985,0.85
06/27/1985,0.84
06/26/1985,0.844
06/25/1985,0.835
06/24/1985,0.833
06/21/1985,0.835
06/20/1985,0.846
06/19/1985,0.853
06/18/1985,0.84
06/17/1985,0.825
06/14/1985,0.815
06/13/1985,0.817
06/12/1985,0.798
06/11/1985,0.8
06/10/1985,0.797
06/7/1985,0.802
06/6/1985,0.802
06/5/1985,0.791
06/4/1985,0.801
06/3/1985,0.794
05/31/1985,0.83
05/30/1985,0.829
05/29/1985,0.828
05/28/1985,0.83
05/24/1985,0.833
05/23/1985,0.835
05/22/1985,0.832
05/21/1985,0.815
05/20/1985,0.807
05/17/1985,0.804
05/16/1985,0.801
05/15/1985,0.8
05/14/1985,0.802
05/13/1985,0.798
05/10/1985,0.792
05/9/1985,0.804
05/8/1985,0.789
05/7/1985,0.79
05/6/1985,0.793
05/3/1985,0.799
05/2/1985,0.802
05/1/1985,0.799
04/30/1985,0.829
04/29/1985,0.838
04/26/1985,0.846
04/25/1985,0.855
04/24/1985,0.864
04/23/1985,0.85
04/22/1985,0.841
04/19/1985,0.833
04/18/1985,0.823
04/17/1985,0.823
04/16/1985,0.828
04/15/1985,0.838
04/12/1985,0.83
04/11/1985,0.848
04/10/1985,0.854
04/9/1985,0.853
04/8/1985,0.853
04/4/1985,0.839
04/3/1985,0.833
04/2/1985,0.834
04/1/1985,0.825
03/29/1985,0.825
03/28/1985,0.828
03/27/1985,0.828
03/26/1985,0.836
03/25/1985,0.83
03/22/1985,0.835
03/21/1985,0.835
03/20/1985,0.823
03/19/1985,0.815
03/18/1985,0.815
03/15/1985,0.79
03/14/1985,0.79
03/13/1985,0.788
03/12/1985,0.778
03/11/1985,0.76
03/8/1985,0.76
03/7/1985,0.761
03/6/1985,0.751
03/5/1985,0.749
03/4/1985,0.76
03/1/1985,0.75
02/28/1985,0.767
02/27/1985,0.77
02/26/1985,0.77
02/25/1985,0.76
02/22/1985,0.769
02/21/1985,0.788
02/20/1985,0.779
02/19/1985,0.768
02/15/1985,0.763
02/14/1985,0.748
02/13/1985,0.745
02/12/1985,0.73
02/11/1985,0.747
02/8/1985,0.733
02/7/1985,0.728
02/6/1985,0.728
02/5/1985,0.716
02/4/1985,0.71
02/1/1985,0.716
01/31/1985,0.728
01/30/1985,0.73
01/29/1985,0.72
01/28/1985,0.706
01/25/1985,0.704
01/24/1985,0.695
01/23/1985,0.693
01/22/1985,0.693
01/21/1985,0.699
01/18/1985,0.698
01/17/1985,0.7
01/16/1985,0.691
01/15/1985,0.694
01/14/1985,0.699
01/11/1985,0.691
01/10/1985,0.681
01/9/1985,0.668
01/8/1985,0.67
01/7/1985,0.672
01/4/1985,0.662
01/3/1985,0.662
01/2/1985,0.662
