date,0
1995-01-04,-0.007408641016075427
1995-01-05,-0.009296770449150936
1995-01-06,-0.01085763766296736
1995-01-09,-0.008692834059315754
1995-01-10,-0.012162689964552744
1995-01-11,-0.011723383828209711
1995-01-12,-0.01085763766296736
1995-01-13,-0.012420503164509187
1995-01-16,-0.015092063636080915
1995-01-17,-0.018410155395269207
1995-01-18,-0.016908745762128495
1995-01-19,-0.01887519374649929
1995-01-20,-0.013861333310340207
1995-01-23,-0.011582487501879327
1995-01-24,-0.013947645012537065
1995-01-25,-0.015329017577692377
1995-01-26,-0.014156868451535997
1995-01-27,-0.016258217899061202
1995-01-30,-0.01448612895852037
1995-01-31,-0.013280254466575521
1995-02-01,-0.01611045032846327
1995-02-02,-0.010720737912087703
1995-02-03,-0.007366922499385465
1995-02-06,-0.010099938839358192
1995-02-07,-0.011876024355349716
1995-02-08,-0.012186423891714471
1995-02-09,-0.010494651790194367
1995-02-10,-0.010006755892893937
1995-02-13,-0.006716394636318137
1995-02-14,-0.008883196527695106
1995-02-15,-0.010657283755961304
1995-02-16,-0.009516861707868144
1995-02-17,-0.014220322607662435
1995-02-21,-0.014087419432233506
1995-02-22,-0.015829779582436407
1995-02-23,-0.021187764920748794
1995-02-24,-0.017998579761538742
1995-02-27,-0.016596347938038374
1995-02-28,-0.017719907303237244
1995-03-01,-0.014188595529599253
1995-03-02,-0.012610865632888539
1995-03-03,-0.007970858889220571
1995-03-06,-0.005949826280716132
1995-03-07,-0.007578144226109798
1995-03-08,-0.009466273659185231
1995-03-09,-0.008980376049610089
1995-03-10,-0.007045655143302585
1995-03-13,-0.0008765082638813362
1995-03-14,-0.0027626394092314056
1995-03-15,-0.0017065307756097027
1995-03-16,-0.004456409798476836
1995-03-17,-0.007402646152899373
1995-03-20,-0.008215805981733486
1995-03-21,-0.007920270840537773
1995-03-22,-0.00940281950305883
1995-03-23,-0.010000761029717808
1995-03-24,-0.00889406434741323
1995-03-27,-0.011662804340900019
1995-03-28,-0.01148131140451354
1995-03-29,-0.01210011218951765
1995-03-30,-0.015240707587770153
1995-03-31,-0.01877401764913358
1995-04-03,-0.013857336734889442
1995-04-04,-0.007248883719125349
1995-04-05,-0.010226847151611068
1995-04-06,-0.013316854501180773
1995-04-07,-0.01561056470481062
1995-04-10,-0.015188121251361878
1995-04-11,-0.015709742514451005
1995-04-12,-0.0139653840765227
1995-04-13,-0.016947344084459148
1995-04-17,-0.01760186852297724
1995-04-18,-0.01723888265020421
1995-04-19,-0.020231710477858895
1995-04-20,-0.014172609227796305
1995-04-21,-0.012918144974893834
1995-04-24,-0.014172609227796305
1995-04-25,-0.013572669413411889
1995-04-26,-0.01436896655935175
1995-04-27,-0.0171377065528385
1995-04-28,-0.02097741957511584
1995-05-01,-0.022719779725318745
1995-05-02,-0.017053393138366967
1995-05-03,-0.019775541658621644
1995-05-04,-0.01775850562556786
1995-05-05,-0.017103981187049918
1995-05-08,-0.018210677869354455
1995-05-09,-0.019448279439362597
1995-05-10,-0.020951687360228677
1995-05-11,-0.022090111120596473
1995-05-12,-0.025967546084113162
1995-05-15,-0.026275947332752556
1995-05-16,-0.026630940054624092
1995-05-17,-0.030048209623452733
1995-05-18,-0.03337029795809175
1995-05-19,-0.03174198001269812
1995-05-22,-0.030276294033071357
1995-05-23,-0.03390878190407509
1995-05-24,-0.033192801597156
1995-05-25,-0.032219008090280464
1995-05-26,-0.037446088540889176
1995-05-30,-0.03730431583346741
1995-05-31,-0.03393363773787088
1995-06-01,-0.03072559160804117
1995-06-02,-0.018108625390897325
1995-06-05,-0.01966949260471379
1995-06-06,-0.021931475730280377
1995-06-07,-0.022535412120115558
1995-06-08,-0.02329998218799216
1995-06-09,-0.02190174693994256
1995-06-12,-0.023156211192844993
1995-06-13,-0.024034823465530947
1995-06-14,-0.022292463315328043
1995-06-15,-0.024993752577237592
1995-06-16,-0.02585750045475458
1995-06-19,-0.025435057001305914
1995-06-20,-0.02781707719485798
1995-06-21,-0.03216554537278081
1995-06-22,-0.030232822754198595
1995-06-23,-0.02821378843341952
1995-06-26,-0.02324851775821798
1995-06-27,-0.020365735559921883
1995-06-28,-0.021618201525098954
1995-06-29,-0.02793311768739262
1995-06-30,-0.030264549832261813
1995-07-05,-0.03287065785998178
1995-07-06,-0.01662520034728496
1995-07-07,-0.015630547582064294
1995-07-10,-0.014737070914209414
1995-07-11,-0.01597267419649223
1995-07-12,-0.014247176729183622
1995-07-13,-0.01543419025050889
1995-07-14,-0.015826904913619738
1995-07-17,-0.015419325855339925
1995-07-18,-0.014834250436124435
1995-07-19,-0.01156075186244285
1995-07-20,-0.00827238889359249
1995-07-21,-0.009968157570563208
1995-07-24,-0.012086369700982705
1995-07-25,-0.015748586362324336
1995-07-26,-0.011661927959808712
1995-07-27,-0.0071151041626050385
1995-07-28,-0.010354877370497964
1995-07-31,-0.011429846974739323
1995-08-01,-0.011119447438374567
1995-08-02,-0.010695005697200614
1995-08-03,-0.009782668058726077
1995-08-04,-0.008513339410654679
1995-08-07,-0.0090180979908494
1995-08-08,-0.010093067595090757
1995-08-09,-0.009668625853916804
1995-08-10,-0.01134553356026779
1995-08-11,-0.013607516685834455
1995-08-14,-0.013949643300262392
1995-08-15,-0.016329665206089097
1995-08-16,-0.014880841909356582
1995-08-17,-0.010452056892413023
1995-08-18,-0.010760458141052339
1995-08-21,-0.007974855464671336
1995-08-22,-0.0048134008080737
1995-08-23,-0.0018968932439890546
1995-08-24,-0.010790186931390194
1995-08-25,-0.014731076051033324
1995-08-28,-0.015121792426418808
1995-08-29,-0.014015095744114232
1995-08-30,-0.013624379368728746
1995-08-31,-0.017873669737011266
1995-09-01,-0.016522025962193737
1995-09-05,-0.006426854358298438
1995-09-06,-0.007692186430919148
1995-09-07,-0.006684667558254879
1995-09-08,-0.004976032773840522
1995-09-11,-0.0038187480428530708
1995-09-12,-0.003867337803810619
1995-09-13,-0.005054351325135888
1995-09-14,-0.004631907871687222
1995-09-15,-0.006957345153380324
1995-09-18,-0.0053776169689441315
1995-09-19,-0.009561454893374888
1995-09-20,-0.007379788606828991
1995-09-21,-0.007219154928787494
1995-09-22,-0.01424517844145822
1995-09-25,-0.012310457535150563
1995-09-26,-0.011755110906272969
1995-09-27,-0.012570269022832483
1995-09-28,-0.012958987110492528
1995-09-29,-0.0166529308498973
1995-10-02,-0.02541332136186955
1995-10-03,-0.0051277969198891445
1995-10-04,-0.002523687179894581
1995-10-05,-0.0008001880003113343
1995-10-06,0.002965268206955065
1995-10-09,0.004421304605854991
1995-10-10,0.002828136566775855
1995-10-11,0.0047554897427515225
1995-10-12,-0.00013279745434975246
1995-10-13,0.0006086843215771227
1995-10-16,0.004501017793985169
1995-10-17,0.005594159829964175
1995-10-18,0.011371760410674593
1995-10-19,0.013077809811124457
1995-10-20,0.010057314599169953
1995-10-23,0.008714159561640924
1995-10-24,0.0037707701209271677
1995-10-25,0.005698123296902581
1995-10-26,0.00744179981780958
1995-10-27,0.011442555704372194
1995-10-30,0.009552829648853746
1995-10-31,0.006357575676263066
1995-11-01,0.005994681313342146
1995-11-02,0.010283077321911832
1995-11-03,0.006800183227314249
1995-11-06,0.007525971953156089
1995-11-07,0.006032308433799027
1995-11-08,0.0036336384807479577
1995-11-09,0.0053441468284142375
1995-11-10,0.008468605507307232
1995-11-13,0.011701486600354707
1995-11-14,0.014425423795869901
1995-11-15,0.014062529432948896
1995-11-16,0.009887014785750109
1995-11-17,0.013015932411859433
1995-11-20,0.012223807339536152
1995-11-21,-0.0007287406932834791
1995-11-22,-0.002536553287338183
1995-11-27,-0.006557759246001965
1995-11-28,-0.007238015899407187
1995-11-29,-0.01054324155115199
1995-11-30,-0.016420849864827988
1995-12-01,-0.016942471127917077
1995-12-04,0.006917523535901307
1995-12-05,0.00677593294850602
1995-12-06,0.004306467701757266
1995-12-07,0.007723025449873241
1995-12-08,0.004961461133901336
1995-12-11,0.005837758341570954
1995-12-12,-0.0009191031616627552
1995-12-13,-0.0036372551064666686
1995-12-14,-0.008372443084324218
1995-12-15,-0.008290127957578124
1995-12-18,-0.010370618146758197
1995-12-19,-0.00971809199596558
1995-12-20,-0.013646115008165108
1995-12-21,-0.009496002449523087
1995-12-22,-0.006093597275863261
1995-12-26,-0.006775852216993809
1995-12-27,-0.009591183683712744
1995-12-28,-0.013219674979265753
1995-12-29,-0.010909102092741615
1996-01-02,-0.00717943469982282
1996-01-03,-0.004995770125551559
1996-01-04,-0.0025205669855352347
1996-01-05,-0.0050274972036147775
1996-01-08,-0.00533390016452873
1996-01-09,-0.00533390016452873
1996-01-10,-0.0018363137566793615
1996-01-11,-0.003075913614412906
1996-01-12,0.003872778045138321
1996-01-15,0.001465190197654929
1996-01-16,-0.0009865538932399588
1996-01-17,-0.0024056483996345414
1996-01-18,-0.003687843155149505
1996-01-19,0.006822477963395393
1996-01-22,-0.00046093605470010464
1996-01-23,-0.002156704731670898
1996-01-24,-0.003854471696367055
1996-01-25,-0.0032991250674894597
1996-01-26,-0.004394953930075761
1996-01-29,-0.004882849827376267
1996-01-30,-0.006122449685109811
1996-01-31,-0.008384432810676438
1996-02-01,-0.00906668775180691
1996-02-02,-0.005501650612380339
1996-02-05,-0.006819569021409172
1996-02-06,-0.0035332043402841375
1996-02-07,-0.0029947203943008335
1996-02-08,-0.0016430766194833026
1996-02-09,-0.0021964249606356103
1996-02-12,-0.003921922427944221
1996-02-13,-0.002145836911952736
1996-02-14,0.0008235736071594276
1996-02-15,0.0012240950905373982
1996-02-16,0.0015161941597606327
1996-02-20,0.0010825045031421117
1996-02-21,0.03261277587135171
1996-02-22,-0.007699057675186469
1996-02-23,-0.008056048684783332
1996-02-26,-0.011986069984708338
1996-02-27,-0.012520557355240915
1996-02-28,-0.01093883088307947
1996-02-29,-0.012488830277177695
1996-03-01,-0.009247058781559443
1996-03-04,-0.011950346331194354
1996-03-05,-0.010389479117377929
1996-03-06,-0.008074909655403063
1996-03-07,-0.003397180970495786
1996-03-08,-0.005386486500937044
1996-03-11,-0.006104465095581499
1996-03-12,-0.0046367808282292925
1996-03-13,-0.0034437724437279323
1996-03-14,-0.005982429739870694
1996-03-15,-0.0028844292393995713
1996-03-18,0.011197549511800752
1996-03-19,0.03156422330753516
1996-03-20,0.05094617748144521
1996-03-21,0.025348474122989975
1996-03-22,-0.009999639123083787
1996-03-25,-0.0055965863210273555
1996-03-26,-0.006325432735390012
1996-03-27,-0.005985304408687401
1996-03-28,-0.008202694348747283
1996-03-29,-0.007456985251490336
1996-04-01,-0.008726313899561773
1996-04-02,-0.004014859848865837
1996-04-03,-0.007202046720350563
1996-04-04,-0.010542996025609276
1996-04-08,-0.009366850324002206
1996-04-09,-0.010471548718581383
1996-04-10,-0.012473720356466128
1996-04-11,-0.009126776188031363
1996-04-12,-0.001319319924589742
1996-04-15,-0.00508870754647325
1996-04-16,0.012598670863141063
1996-04-17,0.01676526761590736
1996-04-18,0.03406044223758156
1996-04-19,0.027251577020157246
1996-04-22,0.02096949148913062
1996-04-23,0.00048352184208215693
1996-04-24,-0.027128581865008702
1996-04-25,-0.034066295387757205
1996-04-26,-0.04220788511472527
1996-04-29,-0.045527975161638964
1996-04-30,-0.04505494365950742
1996-05-01,-0.04110918158332226
1996-05-02,-0.02602100880161282
1996-05-03,-0.029357961531420767
1996-05-06,-0.03156935660830452
1996-05-07,-0.029258783721780344
1996-05-08,-0.02806977191272971
1996-05-09,-0.02776137066409036
1996-05-10,-0.026722124713362983
1996-05-13,-0.028038044834666494
1996-05-14,-0.026390865918653212
1996-05-15,-0.02297159806209913
1996-05-16,-0.017598748328617818
1996-05-17,-0.013860211403706187
1996-05-20,-0.010768205766411154
1996-05-21,-0.0015059313430609302
1996-05-22,0.009684094660851877
1996-05-23,-0.007180311080914201
1996-05-24,-0.009119028562672509
1996-05-28,-0.009655514220930486
1996-05-29,-0.0061896548911443
1996-05-30,-0.007055401056386689
1996-05-31,-0.0066389524661141135
1996-06-03,-0.00556598114959812
1996-06-04,-0.004148884930928825
1996-06-05,-0.004062573228732004
1996-06-06,-0.007194299094991786
1996-06-07,-0.00655663733936802
1996-06-10,-0.006668681256451969
1996-06-11,-0.008964389747807179
1996-06-12,-0.008330724567634142
1996-06-13,-0.004146886643203499
1996-06-14,-0.0019334932785943443
1996-06-17,-0.0005143987721996858
1996-06-18,0.029835879171003898
1996-06-19,0.021250169259432117
1996-06-20,0.022617574575769375
1996-06-21,0.013715515316165963
1996-06-24,-0.0021784403711072983
1996-06-25,0.0010250860510929946
1996-06-26,0.006619009976734914
1996-06-27,0.01633103009752642
1996-06-28,0.017028109597343785
1996-07-01,0.009252360546960355
1996-07-02,0.011697575514900882
1996-07-03,0.0067497271269707105
1996-07-08,-0.0023142182153529723
1996-07-09,0.003337628326070812
1996-07-10,0.0060283973483452
1996-07-11,-0.0007810815041490016
1996-07-12,-0.0020801389425582945
1996-07-15,-0.00030605171429209764
1996-07-16,0.00012704196910448074
1996-07-17,0.0019415137837091659
1996-07-18,-0.0010557573869997728
1996-07-19,-0.002424263844711557
1996-07-22,-0.004318388140963158
1996-07-23,-0.0013195654501323816
1996-07-24,-0.006939360563851937
1996-07-25,-0.006014156817933951
1996-07-26,-0.004548470838307184
1996-07-29,-0.005872384110512148
1996-07-30,-0.0051058157549101054
1996-07-31,-0.007270619358561787
1996-08-01,-0.008588537767590583
1996-08-02,0.00010028828580692016
1996-08-05,0.0016315789256209476
1996-08-06,0.005807093572819736
1996-08-07,0.004134212345610338
1996-08-08,0.004539192776204555
1996-08-09,0.005231813328805675
1996-08-12,0.009228110268152042
1996-08-13,0.017050404333425015
1996-08-14,0.019123807044012384
1996-08-15,0.017993037887576245
1996-08-16,0.01675384631698562
1996-08-19,0.023887978776873806
1996-08-20,0.022591368754234318
1996-08-21,0.023746388189478433
1996-08-22,0.0025831303742045826
1996-08-23,0.010367797319020591
1996-08-26,0.007818618884141659
1996-08-27,0.013115984793343928
1996-08-28,0.015076506142560061
1996-08-29,0.009303364509066058
1996-08-30,0.00829439460843339
1996-09-03,0.018685658440177447
1996-09-04,0.04620625602739177
1996-09-05,0.04213470484713147
1996-09-06,0.03501840817610836
1996-09-09,0.037605213731444424
1996-09-10,0.04501360947169069
1996-09-11,0.04796330938994751
1996-09-12,0.055276659557688027
1996-09-13,0.06163845827684483
1996-09-16,0.06050323017319261
1996-09-17,0.041734183363753584
1996-09-18,0.04653152326985581
1996-09-19,0.0578035432564859
1996-09-20,0.06459011373782873
1996-09-23,0.06862403779763215
1996-09-24,0.07072614973424374
1996-09-25,0.06499955311563911
1996-09-26,0.07230844433616347
1996-09-27,0.06554612413362862
1996-09-30,0.06279347771208911
1996-10-01,0.07376002178784706
1996-10-02,0.06678085675700307
1996-10-03,0.06797796225992041
1996-10-04,0.07598393298026204
1996-10-07,0.07481999565058535
1996-10-08,0.06425843200542153
1996-10-09,0.07014891394750285
1996-10-10,0.06603527669956925
1996-10-11,0.06373165231902402
1996-10-14,0.05647376506060552
1996-10-15,0.06172263041219134
1996-10-16,0.06186422099958679
1996-10-17,0.06945183444768548
1996-10-18,0.06709525056230763
1996-10-21,0.06430497702031099
1996-10-22,0.06761311235427266
1996-10-23,0.05282503009980426
1996-10-24,0.03802357100368721
1996-10-25,0.020398670192332893
1996-10-28,0.02145864405507118
1996-10-29,0.01946049558539808
1996-10-30,0.01694448532375978
1996-10-31,0.007571109287080968
1996-11-01,0.013547718907235535
1996-11-04,0.0219695434953308
1996-11-05,0.013246701943579724
1996-11-06,0.012916975753899523
1996-11-07,0.022907718102265696
1996-11-08,0.02243640132519004
1996-11-11,0.03098894306352127
1996-11-12,0.028006074972023644
1996-11-13,0.020522424990863364
1996-11-14,0.01832080853452953
1996-11-15,0.020469465486030663
1996-11-18,0.03179890392470936
1996-11-19,0.03400943827547577
1996-11-20,0.03558281498296276
1996-11-21,0.034443127932094295
1996-11-22,0.02252949135496904
1996-11-25,0.013264537732444877
1996-11-26,0.004904590543614722
1996-11-27,-0.00022661125636274932
1996-12-02,-0.00030692809538347877
1996-12-03,0.037368577571543056
1996-12-04,0.03195833030096989
1996-12-05,0.0364967393110896
1996-12-06,0.043267977408056775
1996-12-09,0.04341402694266848
1996-12-10,0.043117468926228995
1996-12-11,0.03816070264386625
1996-12-12,0.040466282567138405
1996-12-13,0.03952810796020359
1996-12-16,0.03856122412724422
1996-12-17,0.04908320510922407
1996-12-18,0.045704274481564895
1996-12-19,0.0449497765296985
1996-12-20,0.05538312642911577
1996-12-23,0.026185188667475715
1996-12-24,0.030139399539149042
1996-12-26,0.03192516212772917
1996-12-27,0.028216505310389703
1996-12-30,0.03410698725247093
1996-12-31,0.038795904744418505
1997-01-02,0.043201641061575334
1997-01-03,0.03386143319813724
1997-01-06,0.03480406675228822
1997-01-07,0.038959790067895274
1997-01-08,0.03888453582698134
1997-01-09,0.04793710356841237
1997-01-10,0.05639655527696468
1997-01-13,0.050143178971962445
1997-01-14,0.04729298357342779
1997-01-15,0.05484742884828575
1997-01-16,0.059658145596036716
1997-01-17,0.050459528319993736
1997-01-20,0.0528913664462857
1997-01-21,0.056157415712574064
1997-01-22,0.043471445394717256
1997-01-23,0.022246310180178298
1997-01-24,0.018975801966673686
1997-01-27,0.020898696195433022
1997-01-28,0.01984318127991098
1997-01-29,0.024056323047566653
1997-01-30,0.02809916500180256
1997-01-31,0.02432863078519799
1997-02-03,0.017340547859921254
1997-02-04,0.018212386120374794
1997-02-05,0.01577608904686676
1997-02-06,0.01995160369406555
1997-02-07,0.018519817573973935
1997-02-10,0.015561199761284538
1997-02-11,0.017926701541094804
1997-02-12,0.012549622443762442
1997-02-13,0.00788941417783926
1997-02-14,0.009345450576739186
1997-02-18,0.009679635713635717
1997-02-19,0.013350665410518214
1997-02-20,0.01586221672494018
1997-02-21,0.01181491582348811
1997-02-24,0.005519453450812663
1997-02-25,0.002164773101961628
1997-02-26,-0.0035369553901922635
1997-02-27,-0.0026732075126752004
1997-02-28,-0.006745001520021933
1997-03-03,-0.00956632784991696
1997-03-04,-0.010527255249348966
1997-03-05,-0.010149404981407083
1997-03-06,-0.013650987964707255
1997-03-07,-0.013207685252913532
1997-03-10,-0.014018846794022282
1997-03-11,-0.01794886809394725
1997-03-12,-0.020328889999773916
1997-03-13,-0.017247752182197047
1997-03-14,-0.014772549042180722
1997-03-17,-0.014295520964598416
1997-03-18,-0.01656150066561577
1997-03-19,-0.012156449575834014
1997-03-20,-0.014338115862379873
1997-03-21,-0.009582068626177229
1997-03-24,-0.01881948721573167
1997-03-25,-0.01965350630291084
1997-03-26,-0.020451801736576024
1997-03-27,-0.017801100523349277
1997-03-31,-0.016335414543722587
1997-04-01,-0.01612619110472358
1997-04-02,-0.013701576013390091
1997-04-03,-0.01473395071985007
1997-04-04,-0.01590609984600645
1997-04-07,-0.01833471151279055
1997-04-08,-0.017861680010659048
1997-04-09,-0.018446755429874534
1997-04-10,-0.017405511191421797
1997-04-11,-0.015547110548684144
1997-04-14,-0.015221846617150536
1997-04-15,-0.015300165168445902
1997-04-16,-0.01570774422672564
1997-04-17,-0.015321024426790921
1997-04-18,-0.015694878119282076
1997-04-21,-0.013232541086709279
1997-04-22,-0.012951870340682417
1997-04-23,-0.017939998561954374
1997-04-24,-0.016066733524047867
1997-04-25,-0.01694334750900842
1997-04-28,-0.016227367202089366
1997-04-29,-0.016358272089792892
1997-04-30,-0.014611915364139225
1997-05-01,-0.019188467951680756
1997-05-02,-0.017530421215949235
1997-05-05,-0.012860685681943486
1997-05-06,-0.01251855906751555
1997-05-07,-0.01139499970231672
1997-05-08,-0.014195466773866726
1997-05-09,-0.012235890033763325
1997-05-12,-0.01277237569202134
1997-05-13,-0.00818982824130372
1997-05-14,-0.009476019572269373
1997-05-15,-0.00768506966110896
1997-05-16,-0.007148584002850944
1997-05-19,-0.0052207343408108365
1997-05-20,-0.008529956568006291
1997-05-21,-0.013873077511149788
1997-05-22,-0.010530129918165675
1997-05-23,-0.012092995419707576
1997-05-27,-0.014715966130321832
1997-05-28,-0.018434765703522392
1997-05-29,-0.01999763120506414
1997-05-30,-0.015600573266183762
1997-06-02,-0.010766207478685829
1997-06-03,-0.006890770802894502
1997-06-04,-0.00805205210933268
1997-06-05,-0.0065397746564737295
1997-06-06,-0.009441417825389447
1997-06-09,-0.008813747508392615
1997-06-10,-0.006551764382825988
1997-06-11,-0.007447239338406119
1997-06-12,-0.009434546581121974
1997-06-13,-0.009954169556485698
1997-06-16,-0.009529727815311669
1997-06-17,-0.009821266381056694
1997-06-18,-0.00926591975217906
1997-06-19,-0.007641598382236236
1997-06-20,-0.006275090212249701
1997-06-23,-0.005299298417648804
1997-06-24,0.0023172371265164048
1997-06-25,-0.0006067053375726359
1997-06-26,-9.795018192718697e-05
1997-06-27,-0.004220332237956793
1997-06-30,-0.004298650789252121
1997-07-01,-0.0012026485765063626
1997-07-02,-0.00028831265030646307
1997-07-03,0.0005958553416908042
1997-07-07,-0.0031582287411589995
1997-07-08,-0.003614397560396248
1997-07-09,-0.005126675013255162
1997-07-10,-0.005470799915408538
1997-07-11,-0.009770678332373819
1997-07-14,-0.011251228707169552
1997-07-15,-0.011612216292217183
1997-07-16,-0.00971809199596558
1997-07-17,-0.012290474657896925
1997-07-18,-0.013883068949776645
1997-07-21,-0.015061212939109078
1997-07-22,-0.015696876407007402
1997-07-23,-0.016837298455100562
1997-07-24,-0.01486285731982827
1997-07-25,-0.017564146581737893
1997-07-28,-0.02322853488096423
1997-07-29,-0.02726660352252238
1997-07-30,-0.03345261308483781
1997-07-31,-0.041605070631524146
1997-08-01,-0.0352247020253786
1997-08-04,-0.023078769022640933
1997-08-05,-0.023970247402770525
1997-08-06,-0.024848859675456404
1997-08-07,-0.02493317308992786
1997-08-08,-0.022119839910934365
1997-08-11,-0.019405684541581217
1997-08-12,-0.015741469592514185
1997-08-13,-0.020915963706714804
1997-08-14,-0.028012312619779364
1997-08-15,-0.030048209623452733
1997-08-18,-0.03211583370518932
1997-08-19,-0.028470479726742017
1997-08-20,-0.03467135368422633
1997-08-21,-0.04316993442079133
1997-08-22,-0.03835442960391302
1997-08-25,-0.03907040991083215
1997-08-26,-0.03236677566087828
1997-08-27,-0.029403676623561494
1997-08-28,-0.034430403167164184
1997-08-29,-0.04043891636854394
1997-09-02,-0.045176102634126844
1997-09-03,-0.02127695129176236
1997-09-04,-0.020951687360228677
1997-09-05,-0.012797231525817125
1997-09-08,-0.010955693565973762
1997-09-09,-0.009882722249457767
1997-09-10,-0.011006281614656598
1997-09-11,-0.006317685110031196
1997-09-12,-0.00884147801100503
1997-09-15,-0.009411689035051591
1997-09-16,-0.007637601806785508
1997-09-17,-0.006885897846352394
1997-09-18,-0.0070991178608020905
1997-09-19,-0.0028666901754139367
1997-09-22,-0.0039902495406127295
1997-09-23,-0.00543707454961988
1997-09-24,-0.0024888399074720156
1997-09-25,-0.0007782068353322947
1997-09-26,0.0018682150855221476
1997-09-29,-0.0015030566742441852
1997-09-30,-0.004088305443619093
1997-10-01,-0.003047061205166356
1997-10-02,0.013432334141375304
1997-10-03,0.018676740545744874
1997-10-06,0.029920051306350406
1997-10-07,0.023620129986458797
1997-10-08,0.027870898874571434
1997-10-09,0.0282382521847086
1997-10-10,0.02932693527347136
1997-10-13,0.028817991375938823
1997-10-14,0.021174915018518186
1997-10-15,0.01324419853909039
1997-10-16,0.0160389310283031
1997-10-17,0.013140235072152071
1997-10-20,0.006957654060847605
1997-10-21,0.0062694924554626465
1997-10-22,0.010737106171884754
1997-10-23,0.015001251901646213
1997-10-24,0.010962868894626549
1997-10-27,0.014012073332605613
1997-10-28,0.01306943977845447
1997-10-29,0.007136871768699943
1997-10-30,0.0030366113624150856
1997-10-31,0.010783651186774127
1997-11-03,0.011580235206313653
1997-11-04,0.012013924862932344
1997-11-05,0.012372360278636934
1997-11-06,0.009422660360379946
1997-11-07,0.0018682150855221476
1997-11-10,0.00543528131546624
1997-11-11,0.002994525294741789
1997-11-12,0.006665554991624371
1997-11-13,0.010515802396359122
1997-11-14,0.007141330715916189
1997-11-17,0.00256975353255576
1997-11-18,-0.0010360200352887744
1997-11-19,-0.0008099339133955517
1997-11-20,-0.0035469468288190824
1997-11-21,-0.004984902305833358
1997-11-24,-9.595189420178525e-05
1997-11-25,-0.003204820214391146
1997-11-26,-0.005908107764026056
1997-12-01,-0.005489660886028156
1997-12-02,-0.007170565167829984
1997-12-03,-0.006420859495122309
1997-12-04,-0.006746123426655916
1997-12-05,-0.007854818396685857
1997-12-08,-0.007772503269939763
1997-12-09,-0.007852820108960532
1997-12-10,-0.0058843738368643305
1997-12-11,-0.005286432310205278
1997-12-12,-0.004390957354625033
1997-12-15,-0.005660286002696396
1997-12-16,-0.006897887572704538
1997-12-17,-0.009632902200402743
1997-12-18,-0.009404817790784118
1997-12-19,-0.012674319789014938
1997-12-22,-0.010640421073066937
1997-12-23,-0.008703701879033954
1997-12-24,-0.006636077797297407
1997-12-26,-0.008752291639991427
1997-12-29,-0.010072208336745738
1997-12-30,-0.0096537614587478
1997-12-31,-0.00831898036682456
1998-01-02,-0.0051277969198891445
1998-01-05,-0.00947626509781205
1998-01-06,-0.010164514902118614
1998-01-07,-0.011890012369427338
1998-01-08,-0.010962810335783836
1998-01-09,-0.01198719189134232
1998-01-12,-0.016646059605629905
1998-01-13,-0.015345003879495325
1998-01-14,-0.013456874446419853
1998-01-15,-0.01205664091064485
1998-01-16,-0.010576090535849155
1998-01-20,-0.01098167130640353
1998-01-21,-0.011617334774301854
1998-01-22,-0.008785140624688704
1998-01-23,-0.01009019292627405
1998-01-26,-0.013902175445938901
1998-01-27,-0.010572093960398427
1998-01-28,-0.009919567809605736
1998-01-29,-0.009672622429367493
1998-01-30,-0.011670797491801473
1998-02-02,-0.0096408953513042
1998-02-03,-0.011074854252867784
1998-02-04,-0.011095713511212841
1998-02-05,-0.008280382044493944
1998-02-06,-0.007839077620425624
1998-02-09,-0.009596302165797491
1998-02-10,-0.009222448473306298
1998-02-11,-0.012284725320263474
1998-02-12,-0.011961459676455231
1998-02-13,-0.011393246940133996
1998-02-17,-0.011099710086663531
1998-02-18,-0.014814513084413438
1998-02-19,-0.013556052256060238
1998-02-20,-0.015754581225500427
1998-02-23,-0.012742892427226163
1998-02-24,-0.013433140519258127
1998-02-25,-0.011382379120415795
1998-02-26,-0.00900435550231453
1998-02-27,-0.010926210301178584
1998-03-02,-0.009118397707123842
1998-03-03,-0.02354317651832239
1998-03-04,-0.023560039201216645
1998-03-05,-0.021817679051013703
1998-03-06,-0.019359338593891672
1998-03-09,-0.018679081940486546
1998-03-10,-0.017479202311717713
1998-03-11,-0.01827749774538292
1998-03-12,-0.021534133636170117
1998-03-13,-0.021696765601936938
1998-03-16,-0.02446550559542371
1998-03-17,-0.02515575368745573
1998-03-18,-0.024781899994964534
1998-03-19,-0.0267423531161593
1998-03-20,-0.02669376335520173
1998-03-23,-0.029705452153476072
1998-03-24,-0.022703162567967092
1998-03-25,-0.0196637432670803
1998-03-26,-0.017575259926998696
1998-03-27,-0.01827237926329817
1998-03-30,-0.018289241946192424
1998-03-31,-0.01831010120453748
1998-04-01,-0.018510455111543613
1998-04-02,-0.022825197923677935
1998-04-03,-0.020544353827491615
1998-04-06,-0.020037596959571493
1998-04-07,-0.018381548511565374
1998-04-08,-0.02022308647140866
1998-04-09,-0.01958542471578497
1998-04-13,-0.019080666135590174
1998-04-14,-0.01986409717408643
1998-04-15,-0.023317090396429093
1998-04-16,-0.024909684688308772
1998-04-17,-0.02497114055670981
1998-04-20,-0.02881684844216332
1998-04-21,-0.02899634309082447
1998-04-22,-0.029712323397743528
1998-04-23,-0.020480899671365176
1998-04-24,-0.0233002277135348
1998-04-27,-0.02365921701085703
1998-04-28,-0.024161977303326424
1998-04-29,-0.024451517581346123
1998-04-30,-0.024161977303326424
1998-05-01,-0.01984723449119218
1998-05-04,-0.02820891547687745
1998-05-05,-0.02908952603728869
1998-05-06,-0.031828537240437625
1998-05-07,-0.02984322828544717
1998-05-08,-0.030153627821811847
1998-05-11,-0.030626659323943387
1998-05-12,-0.03134263963086248
1998-05-13,-0.03210720969873912
1998-05-14,-0.03189798625974017
1998-05-15,-0.030415437597219094
1998-05-18,-0.0334648483367327
1998-05-19,-0.035291521901407066
1998-05-20,-0.04755949025985552
1998-05-21,-0.027394879266951937
1998-05-22,-0.024216561927460065
1998-05-26,-0.023287361606091257
1998-05-27,-0.0212683272853122
1998-05-28,-0.024408922683564743
1998-05-29,-0.022879782547811537
1998-06-01,-0.022014036382569147
1998-06-02,-0.026704631174919953
1998-06-03,-0.027291704881860803
1998-06-04,-0.025680249619361467
1998-06-05,-0.022535657645658236
1998-06-08,-0.02193371954354838
1998-06-09,-0.02278460131362186
1998-06-10,-0.02568824277026294
1998-06-11,-0.026782073345123936
1998-06-12,-0.03432572154543299
1998-06-15,-0.0373225459485384
1998-06-16,-0.04359886378850137
1998-06-17,-0.04271625494036469
1998-06-18,-0.03798993649449998
1998-06-19,-0.0447204248659749
1998-06-22,-0.04392212943230969
1998-06-23,-0.030087298996868683
1998-06-24,-0.023126727928049817
1998-06-25,-0.02104224116341892
1998-06-26,-0.01933760295445529
1998-06-29,-0.017806464530976722
1998-06-30,-0.01927215051060351
1998-07-01,-0.019580551759242844
1998-07-02,-0.02444664462480409
1998-07-06,-0.024917677839210266
1998-07-07,-0.029187827465837767
1998-07-08,-0.027920497105491715
1998-07-09,-0.02490681001949205
1998-07-10,-0.02612754890660592
1998-07-13,-0.024678725609873425
1998-07-14,-0.02383184041525071
1998-07-15,-0.02161245218746548
1998-07-16,-0.013665221504327441
1998-07-17,-0.01218666941725711
1998-07-20,-0.015609933849261896
1998-07-21,-0.015485023824734385
1998-07-22,-0.01269742286062798
1998-07-23,-0.008087144907297868
1998-07-24,-0.006591730137333244
1998-07-27,-0.005924339591371662
1998-07-28,-0.005058593426129255
1998-07-29,-0.002144084149769993
1998-07-30,0.00022545076530192828
1998-07-31,0.004150952410950737
1998-08-03,0.0015354376295902798
1998-08-04,-0.007472340697744542
1998-08-05,-0.00846499517523977
1998-08-06,-0.007700425107363166
1998-08-07,-0.010695251222743197
1998-08-10,-0.012192664280433183
1998-08-11,-0.010196487505724529
1998-08-12,-0.010768696817496473
1998-08-13,-0.0140739224692412
1998-08-14,-0.014623274234942724
1998-08-17,-0.013417399742997799
1998-08-18,-0.015128032815137521
1998-08-19,-0.014023334420558326
1998-08-20,-0.008942023252822074
1998-08-21,-0.008515583223922719
1998-08-24,-0.007328569702597318
1998-08-25,-0.006203012049673123
1998-08-26,-0.0035483142609957236
1998-08-27,-0.0037615342754454017
1998-08-28,-0.005408713191458704
1998-08-31,-0.005846021040076222
1998-09-01,-0.006498547190868951
1998-09-02,-0.005176632206389313
1998-09-03,-0.0027351544321615917
1998-09-04,0.002779088147397276
1998-09-08,0.004230665599080745
1998-09-09,0.002699374959267014
1998-09-10,0.0009888666116007344
1998-09-11,-0.0003174105850955957
1998-09-14,-0.0025179378422611103
1998-09-15,-0.004731331206870265
1998-09-16,-0.004192847260886923
1998-09-17,-0.0034768669539678118
1998-09-18,-0.0012763396968023157
1998-09-21,-0.0015152919261390834
1998-09-22,-0.0011245755507536363
1998-09-23,-0.0018068304918841458
1998-09-24,0.0038900659722411394
1998-09-25,0.007344250840814334
1998-09-28,0.00323507254009707
1998-09-29,-0.0005860916047702943
1998-09-30,0.002985059538546962
1998-10-01,-0.0023075924966281395
1998-10-02,-0.0033716942811512977
1998-10-05,-0.006056120860166629
1998-10-06,-0.007735026854243093
1998-10-07,-0.00843414447826797
1998-10-08,-0.00563767398216869
1998-10-09,-0.004731331206870265
1998-10-12,-0.0048602378068485046
1998-10-13,-0.005284679548022553
1998-10-14,-0.0076795658490181285
1998-10-15,-0.009732325535585786
1998-10-16,-0.011295191037127594
1998-10-19,-0.011326918115190831
1998-10-20,-0.012245250616841497
1998-10-21,-0.014849360356836002
1998-10-22,-0.011343780798085143
1998-10-23,-0.010253946798674836
1998-10-26,-0.010513758286356756
1998-10-27,-0.011586729602872693
1998-10-28,-0.011164286149424009
1998-10-29,-0.012074625500173162
1998-10-30,-0.01303555289960517
1998-11-02,-0.01215494233919391
1998-11-03,-0.009322748189580702
1998-11-04,-0.008803125214217054
1998-11-05,-0.008315229316916492
1998-11-06,-0.007909648546362117
1998-11-09,-0.0063150559667571665
1998-11-10,-0.006823811122402597
1998-11-11,-0.006790085756614033
1998-11-12,-0.0037129445144879103
1998-11-13,-0.004703600704257792
1998-11-16,-0.005829158357181987
1998-11-17,-0.008521578087098773
1998-11-18,-0.006880394034261581
1998-11-19,-0.006899255004881255
1998-11-20,-0.008738794676999197
1998-11-23,-0.010806418758735763
1998-11-24,-0.001801081154250694
1998-11-25,0.0006610959646474473
1998-11-30,-0.0014966764810620677
1998-12-01,-0.007232512087316375
1998-12-02,-0.007868175555214718
1998-12-03,0.0018071975054591977
1998-12-04,-0.007183922326358845
1998-12-07,-0.006239857609821129
1998-12-08,-0.0051628897178544065
1998-12-09,-0.006710890824227305
1998-12-10,-0.007526048940786782
1998-12-11,-0.01059032407546934
1998-12-14,-0.010964177767960515
1998-12-15,-0.00995066403212025
1998-12-16,-0.009329864959390796
1998-12-17,-0.006115823966384978
1998-12-18,-0.00861788122792245
1998-12-21,-0.00718592061408419
1998-12-22,-0.005656780478330966
1998-12-23,-0.0009493230030859274
1998-12-24,-0.00011730220363210224
1998-12-28,-0.0012577242517252433
1998-12-29,-0.003714066421121912
1998-12-30,-0.005046849225319731
1998-12-31,-0.001969707983193627
1999-01-04,-0.002064889217383284
1999-01-05,-0.005790560034851333
1999-01-06,-0.005484157073937324
1999-01-07,-0.004061065992091938
1999-01-08,-0.002707423929549119
1999-01-11,-0.00020049371146955758
1999-01-12,0.00024970104411007146
1999-01-13,-0.0014718206472663022
1999-01-14,-0.0018348065200392578
1999-01-15,-0.000533750793904677
1999-01-19,0.0012784622763346784
1999-01-20,0.0005150464300358724
1999-01-21,0.006721877720148523
1999-01-22,0.017159686566781997
1999-01-25,0.0134223205234181
1999-01-26,0.013163389627435544
1999-01-27,0.008724485137038036
1999-01-28,0.004006858419066033
1999-01-29,0.002083964190306654
1999-02-01,0.0027434165696671392
1999-02-02,-0.004667000669652484
1999-02-03,-0.006637445229474011
1999-02-04,-0.004552958464843153
1999-02-05,-0.0027977322071966676
1999-02-08,-0.002180929709917941
1999-02-09,-0.0028820456216681434
1999-02-10,-0.0012051379153170242
1999-02-11,0.005195046027550868
1999-02-12,0.010355280296574055
1999-02-16,0.008503181361512445
1999-02-17,0.0024998180580603603
1999-02-18,0.0048276927174137445
1999-02-19,0.0064718647185985
1999-02-22,0.001962164934503307
1999-02-23,0.0018205743471079356
1999-02-24,0.01418127742250066
1999-02-25,0.016617574496008737
1999-02-26,0.008808657272384503
1999-03-01,0.002734498675234647
1999-03-02,-0.008103131209100797
1999-03-03,-0.007368289931562068
1999-03-04,-0.008439262960352661
1999-03-05,-0.009119519613757825
1999-03-08,-0.010080447013189815
1999-03-09,-0.011005650759107895
1999-03-10,-0.009668871379459367
1999-03-11,-0.007512937307800597
1999-03-12,-0.009892959213627246
1999-03-15,-0.011356646905528706
1999-03-16,-0.011031382973995042
1999-03-17,-0.00974519164302937
1999-03-18,-0.012784610943916162
1999-03-19,-0.012573389217191791
1999-03-22,-0.012180674554081018
1999-03-23,-0.016248471985977023
1999-03-24,-0.014180847904240438
1999-03-25,-0.012603118007529685
1999-03-26,-0.010402590750364132
1999-03-29,-0.013296240768378357
1999-03-30,-0.014514981367766844
1999-03-31,-0.01353519299771522
1999-04-01,-0.020242823823119697
1999-04-05,-0.017704166526976935
1999-04-06,-0.017685305556357278
1999-04-07,-0.018109747297531308
1999-04-08,-0.014502115260323356
1999-04-09,-0.012875795602655091
1999-04-12,-0.009515985326776725
1999-04-13,-0.013017568310076895
1999-04-14,-0.013275381510033376
1999-04-15,-0.010656407374869885
1999-04-16,-0.010392599311737237
1999-04-19,-0.008663105268977936
1999-04-20,-0.005647419895252869
1999-04-21,-0.001968340551016986
1999-04-22,-0.0003717496836865769
1999-04-23,-0.0017045324878843767
1999-04-26,-0.0013158144002242556
1999-04-27,-0.0033368470087287703
1999-04-28,-0.002407646687359943
1999-04-29,-0.00018825845957473532
1999-04-30,-0.004355233701111087
1999-05-03,-0.0001376704108918232
1999-05-04,-0.0022687486487548846
1999-05-05,-0.003814751467402419
1999-05-06,-0.003521214613931917
1999-05-07,-0.003624388999023143
1999-05-10,-7.621454249078691e-05
1999-05-11,-8.763810913583377e-06
1999-05-12,-0.0019008898194398203
1999-05-13,-0.001237495848928928
1999-05-14,0.0028415134084247623
1999-05-17,0.005711500138551318
1999-05-18,0.011013324994970004
1999-05-19,0.008200756716892224
1999-05-20,-0.0012920804730625296
1999-05-21,0.0018057898244946192
1999-05-24,0.0027573412730781694
1999-05-25,0.011287588275328084
1999-05-26,0.00809233430273749
1999-05-27,0.006461539143201471
1999-05-28,0.0018810440654085507
1999-06-01,0.0048173671420166314
1999-06-02,0.0025558288291446024
1999-06-03,-0.0015707529313640283
1999-06-04,0.00227264765435386
1999-06-07,0.003954446775995751
1999-06-08,0.0072338728839327696
1999-06-09,0.0004007573877003965
1999-06-10,0.0026954638738130605
1999-06-11,0.005235724414259586
1999-06-14,0.0051738470149943925
1999-06-15,0.0035009657877850785
1999-06-16,0.0029964808374688717
1999-06-17,-0.00014366527406795248
1999-06-18,-0.0004183411569186856
1999-06-21,0.001823625613359603
1999-06-22,0.004034159964125843
1999-06-23,0.001743912425229341
1999-06-24,0.010041982214794302
1999-06-25,0.0077141075554408335
1999-06-28,0.005027797480382775
1999-06-29,0.003571761081482849
1999-06-30,0.00019728940103983157
1999-07-01,0.006134316358010435
1999-07-02,-0.0015804988444482458
1999-07-06,-0.004019978330950585
1999-07-07,-0.002993598487666775
1999-07-08,-0.005842655320174292
1999-07-09,-0.005354759422873786
1999-07-12,-0.005466803339957697
1999-07-13,-0.005808929954385634
1999-07-14,-0.0038533497897330726
1999-07-15,-0.005304171374190874
1999-07-16,-0.011162918717247368
1999-07-19,-0.009433424674487916
1999-07-20,-0.00836045335797196
1999-07-21,-0.013530074515630432
1999-07-22,-0.008774027279427827
1999-07-23,-0.007811101592270455
1999-07-26,-0.007756516968136891
1999-07-27,-0.0074481157194974616
1999-07-28,-0.007481841085286082
1999-07-29,-0.012299344189889724
1999-07-30,-0.014819140515412868
1999-08-02,-0.02022771390240809
1999-08-03,-0.013325724033173572
1999-08-04,-0.014645640729927845
1999-08-05,-0.0165654972410665
1999-08-06,-0.01754128903566747
1999-08-09,-0.01897125136178033
1999-08-10,-0.015305038124987935
1999-08-11,-0.01105574775670549
1999-08-12,-0.012453983004755092
1999-08-13,-0.009002988070137833
1999-08-16,-0.00605475342798993
1999-08-17,-0.006855047149380555
1999-08-18,-0.007600756246637541
1999-08-19,-0.008546819250900584
1999-08-20,-0.010384360635293181
1999-08-23,-0.010971434342234033
1999-08-24,-0.008804632450857025
1999-08-25,-0.009898463025718077
1999-08-26,-0.011452458995267067
1999-08-27,-0.011921493921947841
1999-08-30,-0.01569575450037342
1999-08-31,-0.017805973479891424
1999-09-01,-0.016274835056412893
1999-09-02,-0.005531133877175554
1999-09-03,-0.003028200234546777
1999-09-07,-0.002291360669282552
1999-09-08,-0.0019769645574671067
1999-09-09,-0.0021881862841915153
1999-09-10,-0.002672085606041218
1999-09-13,-0.002197055816184314
1999-09-14,0.008405320427077374
1999-09-15,0.010832699606152919
1999-09-16,0.01160057439966797
1999-09-17,0.023886023234146805
1999-09-20,0.03010177241869182
1999-09-21,0.020903155142649097
1999-09-22,0.028716531313489835
1999-09-23,0.0052432346277275
1999-09-24,0.009507380357488958
1999-09-27,0.0032208358792459187
1999-09-28,-0.003392938869502457
1999-09-29,-0.006976836979548684
1999-09-30,-0.004824899483340603
1999-10-01,-0.0033612117914392377
1999-10-04,0.022905762559538696
1999-10-05,0.019621877504385432
1999-10-06,0.01522060013444468
1999-10-07,0.0228458407030005
1999-10-08,0.02377509741550291
1999-10-11,0.01571812273305539
1999-10-12,0.01554336397241947
1999-10-13,0.018214341663101794
1999-10-14,0.031451341946164266
1999-10-15,0.027262450457316737
1999-10-18,0.026215853436227187
1999-10-19,0.022323519963819226
1999-10-20,0.017050404333425015
1999-10-21,0.007823077831357819
1999-10-22,0.01738458947032163
1999-10-25,0.024810820999432964
1999-10-26,0.03185632237675848
1999-10-27,0.030400285977858554
1999-10-28,0.023529543361169216
1999-10-29,0.009411786923220625
1999-11-01,-0.0016259684110463716
1999-11-02,0.017455384764019317
1999-11-03,0.021376427462451754
1999-11-04,0.021343259289211033
1999-11-05,0.02738424971312021
1999-11-08,0.022949804169938907
1999-11-09,0.024589517223907502
1999-11-10,0.02300526707926077
1999-11-11,0.013277914574093446
1999-11-12,0.01669001337499343
1999-11-15,0.020987327277995693
1999-11-16,0.027457548411307143
1999-11-17,0.035859581667810426
1999-11-18,0.036966100545438085
1999-11-19,0.03404510985320574
1999-11-22,0.03769188927128001
1999-11-23,0.028002163886569734
1999-11-24,0.014585945895654926
1999-11-29,0.01157882752534916
1999-11-30,0.008474160178048147
1999-12-01,0.009356871875660925
1999-12-02,0.03635514872369414
1999-12-03,0.03804140679255228
1999-12-06,0.04388980266696021
1999-12-07,0.04633947658211715
1999-12-08,0.03252719605504062
1999-12-09,0.03718294537374747
1999-12-10,0.04207978979957186
1999-12-13,0.045695356587132405
1999-12-14,0.039922214953638235
1999-12-15,0.046213218379097434
1999-12-16,0.0491673772445705
1999-12-17,0.04369079362751589
1999-12-20,0.040528707828165846
1999-12-21,0.03718294537374747
1999-12-22,0.037032436891919526
1999-12-23,0.0360011722552058
1999-12-27,0.04454479609910445
1999-12-28,0.04578844661691132
1999-12-29,0.04953918950192399
1999-12-30,0.05196656868099954
2000-01-04,0.04900795086831023
2000-01-05,0.052966620687199546
2000-01-06,0.04452696031023946
2000-01-07,0.03860331019491743
2000-01-10,0.04004596975216862
2000-01-11,0.043650663102569764
2000-01-12,0.05682132703915054
2000-01-13,0.04713160165444035
2000-01-14,0.057564951553857616
2000-01-18,0.0635108964052608
2000-01-19,0.06109243512061783
2000-01-20,0.08301019088775799
2000-01-21,0.08083282471023238
2000-01-24,0.046295434971716856
2000-01-25,0.04995754677416687
2000-01-26,0.050074887082754094
2000-01-27,0.0545712100252005
2000-01-28,0.04831337477298211
2000-01-31,0.04489681702486588
2000-02-01,0.04512257974760767
2000-02-02,0.04070151104607511
2000-02-03,0.03237027308326968
2000-02-04,0.02801999967543489
2000-02-07,0.03766122450252862
2000-02-08,0.03870782152361834
2000-02-09,0.037355748591656565
2000-02-10,0.03726070301915065
2000-02-11,0.03574724816820195
2000-02-14,0.042104587940142504
2000-02-15,0.04266453579978049
2000-02-16,0.03434221573140773
2000-02-17,0.027984875959467
2000-02-18,0.021689413586791724
2000-02-22,0.029936479414250813
2000-02-23,0.01704258216251736
2000-02-24,0.010317889080439641
2000-02-25,0.020718070806616105
2000-02-28,0.01992594573429266
2000-02-29,-0.013505604011840864
2000-03-01,-0.018680098126041333
2000-03-02,-0.026059992453949653
2000-03-03,-0.024628031840111315
2000-03-06,-0.021992195022053494
2000-03-07,-0.017086381927527705
2000-03-08,-0.008913941503587729
2000-03-09,-0.015466057133035534
2000-03-10,-0.024628031840111315
2000-03-13,-0.026174034658758925
2000-03-14,-0.022036788207560203
2000-03-15,-0.016813704332402223
2000-03-16,-0.014200725060414861
2000-03-17,-0.012716178110168364
2000-03-20,-0.012424639544423301
2000-03-21,-0.012111365339241951
2000-03-22,-0.030372982503901136
2000-03-23,-0.038484843440531304
2000-03-24,-0.04761908764499463
2000-03-27,-0.05124358236509688
2000-03-28,-0.05308512032494028
2000-03-29,-0.06302165653851956
2000-03-30,-0.05508241900628288
2000-03-31,-0.044807752753726504
2000-04-03,-0.05151338529140562
2000-04-04,-0.02756964076353446
2000-04-05,-0.021944972693272682
2000-04-06,-0.016048503408976955
2000-04-07,-0.019598676153234598
2000-04-10,-0.02271353933660009
2000-04-11,-0.023781637696573862
2000-04-12,-0.01930226463094743
2000-04-13,-0.022791857887895416
2000-04-14,-0.025478282754636036
2000-04-17,-0.02018574986017545
2000-04-18,-0.025132159564757332
2000-04-19,-0.026139678437421564
2000-04-20,-0.021375638050317426
2000-04-24,-0.03892127490805752
2000-04-25,-0.03592445050495218
2000-04-26,-0.03269067216023531
2000-04-27,-0.032631214579559635
2000-04-28,-0.03205500869233695
2000-05-01,-0.029187090889209812
2000-05-02,-0.030439556854386846
2000-05-03,-0.039515219859265885
2000-05-04,-0.043065392603523565
2000-05-05,-0.04747531664984743
2000-05-08,-0.04198642642383152
2000-05-09,-0.04731955592834812
2000-05-10,-0.044840356212881065
2000-05-11,-0.035874738837360615
2000-05-12,-0.03373366916087077
2000-05-15,-0.029480382217137523
2000-05-16,-0.036999174583650825
2000-05-17,-0.04502672210580965
2000-05-18,-0.048530303376835074
2000-05-19,-0.040919204444948974
2000-05-22,-0.03148055556729706
2000-05-23,-0.03748219752440922
2000-05-24,-0.03671562916880725
2000-05-25,-0.041573728883466915
2000-05-26,-0.047462205016861186
2000-05-30,-0.04937119370828168
2000-05-31,-0.06999484818923929
2000-06-01,-0.0747271614982801
2000-06-02,-0.05363534847173328
2000-06-05,-0.0520218949215085
2000-06-06,-0.05162031072640497
2000-06-07,-0.0467522195731183
2000-06-08,-0.05345785211079741
2000-06-09,-0.05500585321717031
2000-06-12,-0.053341811618262736
2000-06-13,-0.04593793783765013
2000-06-14,-0.0436193718002245
2000-06-15,-0.04773575899307801
2000-06-16,-0.04933035157268321
2000-06-19,-0.04780520801238051
2000-06-20,-0.05002459624016579
2000-06-21,-0.0345148563860991
2000-06-22,-0.048203917538667596
2000-06-23,-0.05526254451049277
2000-06-26,-0.054578291281636895
2000-06-27,-0.05031813309363633
2000-06-28,-0.05049363116684656
2000-06-29,-0.04020609880684651
2000-06-30,-0.03749681639403555
2000-07-05,-0.03492643201982949
2000-07-06,-0.025710994595254052
2000-07-07,-0.017446493131483918
2000-07-10,-0.016483567444326507
2000-07-11,-0.0321985341619414
2000-07-12,-0.036773088461757523
2000-07-13,-0.030483904514350988
2000-07-14,-0.020885498339748957
2000-07-17,-0.01816734639494512
2000-07-18,-0.02349560294291965
2000-07-19,-0.019041962092180228
2000-07-20,-0.023018574865337267
2000-07-21,-0.021964464519441118
2000-07-24,-0.031019513791517586
2000-07-25,-0.017251257706562495
2000-07-26,-0.02156600051869678
2000-07-27,-0.03175835164450714
2000-07-28,-0.03717779285122056
2000-07-31,-0.04980962346353333
2000-08-01,-0.06891213095963916
2000-08-02,-0.02378139217103126
2000-08-03,-0.017249259418837207
2000-08-04,-0.008780407472610021
2000-08-07,-0.0005970992289518431
2000-08-08,-0.001631472223137146
2000-08-09,-0.0050973315529234085
2000-08-10,0.0033610187856767115
2000-08-11,-0.004395093734539262
2000-08-14,-0.002574415033040918
2000-08-15,0.010692204742282302
2000-08-16,0.004693300386046505
2000-08-17,-0.0007120178148525364
2000-08-18,-0.004976172578303909
2000-08-21,-0.003624528803486492
2000-08-22,-0.004401964978806734
2000-08-23,-0.0084986148199491
2000-08-24,-0.0044545513152148206
2000-08-25,-0.010465062804319974
2000-08-28,-0.007466240113489274
2000-08-29,-0.0072638879187577774
2000-08-30,-0.006792854704351525
2000-08-31,-0.010727748960818524
2000-09-01,-0.0173064731862448
2000-09-05,0.013334473206940065
2000-09-06,0.01781100481779475
2000-09-07,0.01801251726172815
2000-09-08,0.025250613188554823
2000-09-11,0.026670978009724865
2000-09-12,0.04504396228300208
2000-09-13,0.053673713804974245
2000-09-14,0.04719903372444663
2000-09-15,0.04832980288088252
2000-09-18,0.07099564210994601
2000-09-19,0.09280943441014768
2000-09-20,0.08949684012896977
2000-09-21,0.08787496286386633
2000-09-22,0.007315777519112202
2000-09-25,0.012086363741917204
2000-09-26,-0.002162839399310528
2000-09-27,-0.0041332839591319784
2000-09-28,-0.001073005399900166
2000-09-29,0.016184120743712643
2000-10-02,0.027164041661119076
2000-10-03,0.04905754714945127
2000-10-04,0.04800203223392931
2000-10-05,0.05961465184739884
2000-10-06,0.04891791210478298
2000-10-09,0.048597103809535185
2000-10-10,0.05312018043527899
2000-10-11,0.04747775595202087
2000-10-12,0.04054067698885026
2000-10-13,0.04753126331861599
2000-10-16,0.04820158913513597
2000-10-17,0.02778391137729594
2000-10-18,0.0365399211022874
2000-10-19,0.030700443122311783
2000-10-20,0.020554733344901585
2000-10-23,0.023621773571745802
2000-10-24,0.011670509874163413
2000-10-25,-0.006250374182917455
2000-10-26,-0.010926104580099294
2000-10-27,-0.004717237471713446
2000-10-30,-0.0017135418243405998
2000-10-31,0.0031887634295298685
2000-11-01,0.016082660681263572
2000-11-02,0.07541420740698906
2000-11-03,0.07042427295138542
2000-11-06,0.07387845781995887
2000-11-07,0.06723347792601125
2000-11-08,0.07312841881530872
2000-11-09,0.08387811806275737
2000-11-10,0.09856669579750361
2000-11-13,0.10721428310834083
2000-11-14,0.10558794689602082
2000-11-15,0.10966395702349761
2000-11-16,0.10419183235365917
2000-11-17,0.08899876966859681
2000-11-20,0.1017555352801513
2000-11-21,0.09415900393761978
2000-11-22,0.09524768702638263
2000-11-27,0.09873949901541279
2000-11-28,0.11043629076422883
2000-11-29,0.10445717773958492
2000-11-30,0.09047905634630504
2000-12-01,0.0864317554448528
2000-12-04,0.09642445333594589
2000-12-05,0.0952471391646202
2000-12-06,0.0871149102412591
2000-12-07,0.07782124739271029
2000-12-08,0.07817522386119889
2000-12-11,0.08117342433707209
2000-12-12,0.08373597961359976
2000-12-13,0.08831647469139267
2000-12-14,0.07224265585144428
2000-12-15,0.06274748055896191
2000-12-18,0.0746789529249524
2000-12-19,0.08076202941653479
2000-12-20,0.07505076518230565
2000-12-21,0.022819634881465278
2000-12-22,0.015085971898755057
2000-12-26,0.02017541087408043
2000-12-27,0.015316193568713013
2000-12-28,0.01709303826286073
2000-12-29,-0.0001917639839401459
2001-01-02,-0.001469962164004268
2001-01-03,-0.0003106791452915668
2001-01-04,0.00633246557825251
2001-01-05,0.002048528516899154
2001-01-08,-0.002030181749424086
2001-01-09,-0.013122004406265415
2001-01-10,-0.008691221101596492
2001-01-11,-0.00880613968749711
2001-01-12,-0.01194873337347509
2001-01-16,-0.009338628770304436
2001-01-17,0.005321540134893099
2001-01-18,0.0051997408790897095
2001-01-19,0.0268298565242228
2001-01-22,0.051055695619124535
2001-01-23,0.05541488692139191
2001-01-24,-0.005044745216515133
2001-01-25,-0.009802790740443065
2001-01-26,-0.008611780643667107
2001-01-29,-0.006671064874183397
2001-01-30,-0.01047018128640476
2001-01-31,-0.013205195914102928
2001-02-01,-0.006826825595682747
2001-02-02,0.017772829835575363
2001-02-05,0.013402765096148588
2001-02-06,0.004963104719188424
2001-02-07,-0.0004473333706285843
2001-02-08,-0.004021240042047954
2001-02-09,-0.0031069041158482066
2001-02-12,0.0041001843531673745
2001-02-13,-0.0009669563459922711
2001-02-14,-0.00033329116581923415
2001-02-15,-0.005011019850726588
2001-02-16,-0.005230234728352376
2001-02-20,-0.005422595484457016
2001-02-21,-0.005394864981844525
2001-02-22,0.0006390371328886856
2001-02-23,0.014121591470284934
2001-02-26,0.002283209134073441
2001-02-27,-0.004093809255709906
2001-02-28,-0.007791749570565559
2001-03-01,0.005630927131218982
2001-03-02,-0.023766527775862332
2001-03-05,-0.023992613897755706
2001-03-06,-0.018451137335331328
2001-03-07,-0.025551482823846616
2001-03-08,-0.027173805906064226
2001-03-09,-0.029441783894806946
2001-03-12,-0.027523925671393543
2001-03-13,-0.029591549753130168
2001-03-14,-0.03153226552261387
2001-03-15,-0.037565634557789336
2001-03-16,-0.036359760065844335
2001-03-19,-0.036537256426780275
2001-03-20,-0.037795717255133324
2001-03-21,-0.03918108639573936
2001-03-22,-0.04679306170871692
2001-03-23,-0.05288389003684277
2001-03-26,-0.05046814447750215
2001-03-27,-0.05115039941863262
2001-03-28,-0.05080627451647929
2001-03-29,-0.05550686074745698
2001-03-30,-0.058909265921116734
2001-04-02,-0.060032825286315636
2001-04-03,-0.059029302989102174
2001-04-04,-0.06547112746364879
2001-04-05,-0.0704938574318006
2001-04-06,-0.06889726656447019
2001-04-09,-0.07000596153450021
2001-04-10,-0.07609279328717518
2001-04-11,-0.0756920854731629
2001-04-12,-0.07872263524205694
2001-04-16,-0.07753362343300627
2001-04-17,-0.07918967188101239
2001-04-18,-0.08819700777322284
2001-04-19,-0.0958021118419329
2001-04-20,-0.10041039150753764
2001-04-23,-0.10344293956415693
2001-04-24,-0.10280527780853323
2001-04-25,-0.1113584431692318
2001-04-26,-0.11075250849167126
2001-04-27,-0.10701484794785104
2001-04-30,-0.11715860931270393
2001-05-01,-0.1169453892982542
2001-05-02,-0.0833397844396545
2001-05-03,-0.08540053727712356
2001-05-04,-0.09400716535532175
2001-05-07,-0.10011285807861656
2001-05-08,-0.09824558790388603
2001-05-09,-0.09554629692970178
2001-05-10,-0.09886039211343942
2001-05-11,-0.09438101904781283
2001-05-14,-0.08466169942413408
2001-05-15,-0.06720836913176695
2001-05-16,-0.06178493134960272
2001-05-17,-0.056901975801147274
2001-05-18,-0.06922540516482062
2001-05-21,-0.07657557070239097
2001-05-22,-0.08788948290567479
2001-05-23,-0.09375222682418201
2001-05-24,-0.11550343724578911
2001-05-25,-0.11243628744228978
2001-05-29,-0.10848053392747777
2001-05-30,-0.09356586093125331
2001-05-31,-0.08114525204566503
2001-06-01,-0.09179377199071267
2001-06-04,-0.04601850020221346
2001-06-05,-0.03396974672139093
2001-06-06,-0.03154313334233207
2001-06-07,-0.027705418607780134
2001-06-08,-0.03087973937182122
2001-06-11,-0.023874575117495554
2001-06-12,-0.013823996699106961
2001-06-13,-0.01691600233640207
2001-06-14,-0.012197677041438697
2001-06-15,-0.009526116569867005
2001-06-18,-0.015961069800146038
2001-06-19,-0.018704077578745697
2001-06-20,-0.020283805763181853
2001-06-21,-0.006454093809825612
2001-06-22,0.0036901971135946616
2001-06-25,0.007073586688470001
2001-06-26,0.004683834629851508
2001-06-27,0.008275151138603828
2001-06-28,0.029210142826646468
2001-06-29,0.024450430041001378
2001-07-02,0.03939347972451388
2001-07-03,0.0369903508242464
2001-07-05,0.0382671695152939
2001-07-06,0.05201311369588908
2001-07-09,0.05788380430637833
2001-07-10,0.04908124956649699
2001-07-11,0.06571697180881071
2001-07-12,0.0525596847138785
2001-07-13,0.025490612572147766
2001-07-16,0.03671162859667182
2001-07-17,0.01450623270752458
2001-07-18,0.0037807837388842444
2001-07-19,0.007400809473661123
2001-07-20,0.016515254614357336
2001-07-23,0.019982816324579187
2001-07-24,0.04306005047417997
2001-07-25,0.04092031141711149
2001-07-26,0.028252176888119842
2001-07-27,0.0141190880657956
2001-07-30,0.02672980414273839
2001-07-31,0.022908265964028115
2001-08-01,0.03234797834718837
2001-08-02,0.03170190280947662
2001-08-03,0.02859527991944878
2001-08-06,0.025433194120098736
2001-08-07,0.030230534026200875
2001-08-08,0.0318326199597125
2001-08-09,0.030372124613596247
2001-08-10,0.024198461496724274
2001-08-13,0.01719504618707214
2001-08-14,0.008726676584087333
2001-08-15,0.003971422745658491
2001-08-16,0.010828788520698922
2001-08-17,0.02157848776814757
2001-08-20,0.033770846572847575
2001-08-21,0.04387892922980081
2001-08-22,0.026710012811146325
2001-08-23,-0.005201627844648503
2001-08-24,-0.004580828771919106
2001-08-27,-0.01986535888518384
2001-08-28,-0.02326976234656895
2001-08-29,-0.02030266673380147
2001-08-30,-0.015810427560731435
2001-08-31,-0.008618897413477218
2001-09-04,-0.004722601479340834
2001-09-05,0.015721173999307145
2001-09-06,-0.0005407618426355171
2001-09-07,-0.0011704304473578644
2001-09-10,-0.0026807096124913765
2001-09-14,-0.004898099552551259
2001-09-17,-0.0026807096124913765
2001-09-18,0.007764251698344293
2001-09-19,0.013519557542973395
2001-09-20,0.023454836982017533
2001-09-21,0.0288650842525907
2001-09-24,0.031396426898604564
2001-09-25,0.005603625586159087
2001-09-26,0.013591760517635745
2001-09-27,0.02548114681595277
2001-09-28,0.02243640132519004
2001-10-01,0.0033777588510171103
2001-10-02,0.023100312651766854
2001-10-03,0.021093246287660926
2001-10-04,0.01348779705069717
2001-10-05,0.023996401191028457
2001-10-08,0.030094810066986496
2001-10-09,0.03510899480139802
2001-10-10,0.036744248908150284
2001-10-11,0.03801660865198171
2001-10-12,0.047294939116154615
2001-10-15,0.04858709019157794
2001-10-16,0.046730532309300125
2001-10-17,0.04545371361825254
2001-10-18,0.049337129196228006
2001-10-19,0.04794742914380935
2001-10-22,0.036768499186958514
2001-10-23,0.03237168076423426
2001-10-24,0.04163663438675842
2001-10-25,0.04164555228119083
2001-10-26,0.049195538608832724
2001-10-29,0.052319997287725635
2001-10-30,0.0545018224124674
2001-10-31,0.06045418175381391
2001-11-01,0.057716867716649974
2001-11-02,0.047203804629102696
2001-11-05,0.03924437892365035
2001-11-06,0.04040385730611096
2001-11-07,0.03698729955799473
2001-11-08,0.03521045486384709
2001-11-09,0.03653827751700047
2001-11-12,0.03623084606340142
2001-11-13,0.03806510920959809
2001-11-14,0.045774521913500246
2001-11-15,0.0367659957824691
2001-11-16,0.01859647949585236
2001-11-19,0.021150116877947624
2001-11-20,0.008030456903472295
2001-11-21,0.026983180367979906
2001-11-26,0.02302005160187426
2001-11-27,0.02050850028745229
2001-11-28,0.026662372072732195
2001-11-29,0.02876448400934387
2001-11-30,0.02047087316699524
2001-12-03,0.029131837319480953
2001-12-04,0.023004719217498353
2001-12-05,0.02052633607631719
2001-12-06,0.023429490979684466
2001-12-07,0.020178774097771923
2001-12-10,0.026799503712911323
2001-12-11,0.021955618791919724
2001-12-12,0.018935123579965053
2001-12-13,0.01647011728043254
2001-12-14,0.006875437468228095
2001-12-17,0.009838514228133737
2001-12-18,0.013071395321181383
2001-12-19,0.01314664956209523
2001-12-20,0.01736870922418356
2001-12-21,0.011110873971965165
2001-12-26,0.011916375885937098
2001-12-27,0.017287040493326387
2001-12-28,0.01484628447260202
2001-12-31,0.008480026806228972
2002-01-02,0.0053090231124465195
2002-01-03,0.001952387220868656
2002-01-04,-0.0040794359116262955
2002-01-07,0.0026539256679022683
2002-01-08,0.003450509687441794
2002-01-09,0.008931552251712646
2002-01-10,0.006986363286871995
2002-01-11,0.004229257918116252
2002-01-14,0.0012374719321861362
2002-01-15,0.0003146297096268903
2002-01-16,-0.00013567212316649736
2002-01-17,-0.0033268555701019133
2002-01-18,-0.004490135164265418
2002-01-22,-0.005320157675993899
2002-01-23,-0.004959170090946231
2002-01-24,0.004503521198474417
2002-01-25,0.005233768871532588
2002-01-28,0.00040771973940580586
2002-01-29,0.0036782279529104173
2002-01-30,0.00392378200724411
2002-01-31,0.0034059202152792495
2002-02-01,0.008353768603209253
2002-02-04,-0.003183960956046089
2002-02-05,-0.002812105551280297
2002-02-06,0.000699818808629125
2002-02-07,0.0055258679407557375
2002-02-08,0.002835098918481434
2002-02-11,0.0029192710538279423
2002-02-12,0.004284720827438201
2002-02-13,0.0026737169994941654
2002-02-14,0.008022086870802053
2002-02-15,0.014525476177354396
2002-02-19,0.01442151271041599
2002-02-20,0.014337340575069482
2002-02-21,0.015888422546475323
2002-02-22,0.02396518856051465
2002-02-25,0.0244033371643495
2002-02-26,0.031185448698476087
2002-02-27,0.04526111906875138
2002-02-28,0.03261723481856795
2002-03-01,0.04668398729441058
2002-03-04,-0.020391222249266372
2002-03-05,-0.020211727600605255
2002-03-06,-0.02137788186358547
2002-03-07,-0.02512241365167319
2002-03-08,-0.02811324319160244
2002-03-11,-0.028193560030623205
2002-03-12,-0.03182005303845081
2002-03-13,-0.0307302190390406
2002-03-14,-0.033921402485976054
2002-03-15,-0.03248544529668711
2002-03-18,-0.036572103699202725
2002-03-19,-0.03949748079528032
2002-03-20,-0.04133901875512357
2002-03-21,-0.03603162146549406
2002-03-22,-0.03184178867788729
2002-03-25,-0.0238668274921367
2002-03-26,-0.022893033985261088
2002-03-27,-0.023752785287327424
2002-03-28,-0.025750960349761442
2002-04-01,-0.02229596883969342
2002-04-02,-0.025172756174813425
2002-04-03,-0.023912297058734825
2002-04-04,-0.017027169872394596
2002-04-05,-0.01843539655907102
2002-04-08,-0.020310659884702927
2002-04-09,-0.026315176510632025
2002-04-10,-0.03140048425381901
2002-04-11,-0.02786517590473029
2002-04-12,-0.02328375036064665
2002-04-15,-0.017565899343920617
2002-04-16,-0.026901373836481345
2002-04-17,-0.027583628777611932
2002-04-18,-0.019873352036085333
2002-04-19,-0.01830848824681818
2002-04-22,-0.013292629522933731
2002-04-23,-0.009077064520439831
2002-04-24,-0.009774183856739305
2002-04-25,-0.007041167516766427
2002-04-26,-0.005393988600753181
2002-04-29,-0.008874712325708333
2002-04-30,-0.011443098412189026
2002-05-01,-0.0103384000176097
2002-05-02,-0.009463784320374589
2002-05-03,-0.0074656092579405324
2002-05-06,-0.004304154601342858
2002-05-07,-0.0049269519617977705
2002-05-08,-0.0022365305196063484
2002-05-09,0.021695828076735053
2002-05-10,0.02870370233360326
2002-05-13,0.022642920578102355
2002-05-14,0.027336297017266004
2002-05-15,0.026991238443210153
2002-05-16,0.029329986539723112
2002-05-17,0.01813767974122328
2002-05-20,0.016143990218766346
2002-05-21,0.01821739292935346
2002-05-22,0.011950639782702402
2002-05-23,-0.010671657100044876
2002-05-24,-0.009664138227380645
2002-05-28,-0.013524710508003083
2002-05-29,-0.008369077364422156
2002-05-30,-0.00786032220877663
2002-05-31,-0.00544370026834475
2002-06-03,0.000651866112775004
2002-06-04,-0.005456566375788277
2002-06-05,-0.0053405258832536
2002-06-06,-0.009576950144092444
2002-06-07,-0.013061670444498361
2002-06-10,-0.011173541011422853
2002-06-11,-0.01134016955264048
2002-06-12,-0.011325305157471512
2002-06-13,-0.012428005264325286
2002-06-14,-0.011963843294186658
2002-06-17,-0.01166830815299083
2002-06-18,-0.011520540582392859
2002-06-19,-0.01357729684441136
2002-06-20,-0.011429355923654044
2002-06-21,-0.00970186016862003
2002-06-24,-0.0009246069737534916
2002-06-25,-0.0021076239196281088
2002-06-26,-0.0018646751148405567
2002-06-27,-0.0015354146078561458
2002-06-28,-0.003911439938232085
2002-07-01,-0.003911439938232085
2002-07-02,-0.0037002182115078277
2002-07-03,-0.0033749542799741445
2002-07-08,-0.001469962164004268
2002-07-09,-2.7133730447959513e-05
2002-07-10,-0.003315496699298434
2002-07-11,-0.0033749542799741445
2002-07-12,-0.005816432054201886
2002-07-15,-0.008562314501618252
2002-07-16,-0.00737729926801831
2002-07-17,-0.013688218854861248
2002-07-18,-0.01337781931849653
2002-07-19,-0.011443098412189026
2002-07-22,-0.010431582964074107
2002-07-23,-0.013518715644826953
2002-07-24,-0.010574477578129855
2002-07-25,-0.015128172619600888
2002-07-26,-0.01587787829230864
2002-07-29,-0.018500849002922856
2002-07-30,-0.022293970551968054
2002-07-31,-0.022433744971664494
2002-08-01,-0.016152554175159373
2002-08-02,0.00924649391877953
2002-08-05,0.007328058637236355
2002-08-06,0.006814655792487571
2002-08-07,0.01572563294652339
2002-08-08,0.01611277758825254
2002-08-09,0.020438800717279274
2002-08-12,0.02527376774383838
2002-08-13,0.03066868263003581
2002-08-14,0.03517392346691472
2002-08-15,0.039792045665164685
2002-08-16,0.043768551272919155
2002-08-19,0.05587032345232924
2002-08-20,0.06972023109986299
2002-08-21,0.06874442937247079
2002-08-22,0.040502502006630706
2002-08-23,0.039042006660514536
2002-08-26,0.03544177225732981
2002-08-27,0.029314654155347376
2002-08-28,0.020478931242225575
2002-08-29,0.02195921791993356
2002-08-30,0.02712837008338928
2002-09-03,0.027783363515533434
2002-09-04,0.057658041583636535
2002-09-05,0.055051444696708654
2002-09-06,0.06004137915231187
2002-09-09,0.06822656758050602
2002-09-10,0.06779287792388725
2002-09-11,0.05994633357980604
2002-09-12,0.05486135355169683
2002-09-13,0.04975853773472263
2002-09-16,0.0558792413467619
2002-09-17,0.06277869318947579
2002-09-18,0.0634579369004281
2002-09-19,0.05445637312110269
2002-09-20,0.05234980223727478
2002-09-23,0.043815096287808615
2002-09-24,0.04652370109894807
2002-09-25,0.060256268437894174
2002-09-26,0.06741019222937451
2002-09-27,0.06940388175183128
2002-09-30,0.06748098752307202
2002-10-01,0.06519073998417552
2002-10-02,0.06352677665139879
2002-10-03,0.05661840691425248
2002-10-04,0.05722239638429102
2002-10-07,0.05889081866428391
2002-10-08,0.05242505647818871
2002-10-09,0.031788578349312376
2002-10-10,0.031967796057164884
2002-10-11,0.035375435910848366
2002-10-14,0.03247673995469734
2002-10-15,0.023116740759667007
2002-10-16,0.023946492952447423
2002-10-17,0.018456532493743825
2002-10-18,0.021401773464784734
2002-10-21,0.010430770441810538
2002-10-22,0.01574792768260462
2002-10-23,0.013886910853110647
2002-10-24,0.007425607614231601
2002-10-25,-0.0073841705122858585
2002-10-28,-0.027922635197680484
2002-10-29,-0.02205989127917334
2002-10-30,-0.0152422148244102
2002-10-31,-0.01776600772538415
2002-11-01,-0.02715606684207848
2002-11-04,0.023426127755992975
2002-11-05,0.010999088334118768
2002-11-06,0.019157523079015356
2002-11-07,0.029794340965093105
2002-11-08,0.0346911853909174
2002-11-11,0.03440800421612675
2002-11-12,0.041095070177747585
2002-11-13,0.05053924150812408
2002-11-14,0.043805630531613786
2002-11-15,0.03501645263338144
2002-11-18,0.0414866737666929
2002-11-19,0.052842865888669155
2002-11-20,0.0602844298021564
2002-11-21,0.0649446380680795
2002-11-22,0.039322684430816025
2002-11-25,0.027960077818896353
2002-11-26,0.040190063744053324
2002-11-27,0.039723205914193996
2002-12-02,0.04434578705965996
2002-12-03,0.04453392266194488
2002-12-04,0.03821421001046146
2002-12-05,0.04412448328413458
2002-12-06,0.0379597380616951
2002-12-09,0.040132645292004374
2002-12-10,0.027822946178717483
2002-12-11,0.018024798379852217
2002-12-12,0.022450326028601027
2002-12-13,0.009202452308379235
2002-12-16,-0.0038657248460912813
2002-12-17,-0.0001726574877778512
2002-12-18,0.02141069135921714
2002-12-19,0.011754134147747501
2002-12-20,0.012192282751582437
2002-12-23,0.0047041738232059096
2002-12-24,0.0067290759761766536
2002-12-26,0.004480914504953363
2002-12-27,0.015969779319892588
2002-12-30,0.019207119360156566
2002-12-31,0.03193267234119708
2003-01-02,0.03981238485851909
2003-01-03,0.040659972840164316
2003-01-06,0.040573845162090984
2003-01-07,0.047893609819774495
2003-01-08,0.0568110014637533
2003-01-09,0.049681327951081704
2003-01-10,0.03550419751835734
2003-01-13,0.04592417057612578
2003-01-14,0.03714391057232576
2003-01-15,0.046045969831929254
2003-01-16,0.0569595544028545
2003-01-17,0.06492343905552285
2003-01-21,0.06866972299331936
2003-01-22,0.09520114201149309
2003-01-23,0.052157755549536035
2003-01-24,0.037761276884013116
2003-01-27,0.04217593109560269
2003-01-28,0.035291811637264366
2003-01-29,0.02316578917904588
2003-01-30,0.009234212800655546
2003-01-31,0.0008831835062581378
2003-02-03,0.001821358113192781
2003-02-04,-0.00031330828856567216
2003-02-05,-0.008153368011161816
2003-02-06,-0.016274098479784824
2003-02-07,-0.012088262267628892
2003-02-10,-0.016378149245967318
2003-02-11,-0.008438911713730825
2003-02-12,-0.008430918562829294
2003-02-13,0.008765399428069308
2003-02-14,0.02639475918663953
2003-02-18,0.04543806927643689
2003-02-19,0.07304925348894097
2003-02-20,0.07203582464109222
2003-02-21,0.094006539913065
2003-02-24,0.02223903587103298
2003-02-25,0.014627172144125556
2003-02-26,0.038812880714081247
2003-02-27,0.07182789770721541
2003-02-28,0.05910430026890181
2003-03-03,0.026399218133856032
2003-03-04,-0.018651000191252105
2003-03-05,-0.013774915887064247
2003-03-06,-0.01175787985401046
2003-03-07,-0.010176153381848942
2003-03-10,-0.021207396551380576
2003-03-11,-0.01569277411047746
2003-03-12,-0.010634320488811667
2003-03-13,-0.0038363813857594906
2003-03-14,-0.0027119456394693545
2003-03-17,-0.002863709785517939
2003-03-18,-0.002916296121926253
2003-03-19,-0.014697490489708165
2003-03-20,-0.027687434018251748
2003-03-21,-0.02927715364131472
2003-03-24,-0.02639349506192728
2003-03-25,-0.024018346112642683
2003-03-26,-0.026807945364474527
2003-03-27,-0.034519098487092434
2003-03-28,-0.034602289994929904
2003-03-31,-0.028792132412831073
2003-04-01,-0.014849254635756827
2003-04-02,-0.017497081180166792
2003-04-03,-0.011874411397630378
2003-04-04,-0.010324412003532192
2003-04-07,-0.013534456421087224
2003-04-08,-0.010511899803094723
2003-04-09,-0.0081021491069302
2003-04-10,-0.013255783962785726
2003-04-11,-0.013088279040476831
2003-04-14,-0.011194154744225308
2003-04-15,-0.005215370333183448
2003-04-16,-0.0015957485696232374
2003-04-17,-0.008320242077922006
2003-04-21,-0.005980816782151357
2003-04-22,-0.003503615354409669
2003-04-23,-0.001558026628383927
2003-04-24,-0.027405010510042196
2003-04-25,-0.039631260351800555
2003-04-28,-0.04591844601148177
2003-04-29,-0.03828960801561004
2003-04-30,-0.03606135025583192
