timestamp,open,high,low,close
2008-07-01,10.25,10.25,10.25,10.25
2008-07-07,10.25,10.25,10.25,10.25
2008-07-09,10.24,10.24,10.24,10.24
2008-07-10,10.2,10.2,10.2,10.2
2008-07-11,10.19,10.19,10.19,10.19
2008-07-15,10.23,10.23,10.23,10.23
2008-07-18,10.26,10.26,10.26,10.26
2008-07-21,10.34,10.34,10.34,10.34
2008-07-23,10.3,10.3,10.3,10.3
2008-07-24,10.3,10.3,10.3,10.3
2008-07-25,10.73,10.73,10.73,10.73
2008-07-28,10.61,10.61,10.61,10.61
2008-07-29,10.59,10.59,10.59,10.59
2008-07-30,10.6,10.6,10.6,10.6
2008-07-31,10.55,10.55,10.55,10.55
2008-08-01,10.6,10.6,10.6,10.6
2008-08-04,10.6,10.6,10.6,10.6
2008-08-05,10.66,10.66,10.66,10.66
2008-08-06,10.72,10.72,10.72,10.72
2008-08-07,10.6399,10.6399,10.6399,10.6399
2008-08-08,10.6,10.6,10.6,10.6
2008-08-11,10.6,10.6,10.6,10.6
2008-08-12,10.65,10.65,10.65,10.65
2008-08-13,10.67,10.67,10.67,10.67
2008-08-14,10.65,10.65,10.65,10.65
2008-08-15,10.5,10.5,10.5,10.5
2008-08-18,10.69,10.69,10.69,10.69
2008-08-19,10.65,10.65,10.65,10.65
2008-08-20,10.63,10.63,10.63,10.63
2008-08-21,10.43,10.43,10.43,10.43
2008-08-22,10.62,10.62,10.62,10.62
2008-08-25,10.55,10.55,10.55,10.55
2008-08-26,10.43,10.43,10.43,10.43
2008-08-27,10.5499,10.5499,10.5499,10.5499
2008-08-28,10.55,10.55,10.55,10.55
2008-08-29,10.42,10.42,10.42,10.42
2008-09-02,10.46,10.46,10.46,10.46
2008-09-03,10.5,10.5,10.5,10.5
2008-09-04,10.54,10.54,10.54,10.54
2008-09-05,10.42,10.42,10.42,10.42
2008-09-08,10.5,10.5,10.5,10.5
2008-09-09,10.48,10.48,10.48,10.48
2008-09-10,10.5999,10.5999,10.5999,10.5999
2008-09-11,10.53,10.53,10.53,10.53
2008-09-15,10.56,10.56,10.56,10.56
2008-09-16,10.46,10.46,10.46,10.46
2008-09-17,10.31,10.31,10.31,10.31
2008-09-18,10.1,10.1,10.1,10.1
2008-09-19,10.5,10.5,10.5,10.5
2008-09-22,10.25,10.25,10.25,10.25
2008-09-23,10.23,10.23,10.23,10.23
2008-09-24,10.38,10.38,10.38,10.38
2008-09-25,10.3,10.3,10.3,10.3
2008-09-26,10.5,10.5,10.5,10.5
2008-09-29,10.04,10.04,10.04,10.04
2008-09-30,9.85,9.85,9.85,9.85
2008-10-01,10.134,10.134,10.134,10.134
2008-10-02,9.77,9.77,9.77,9.77
2008-10-03,9.86,9.86,9.86,9.86
2008-10-06,8.96,8.96,8.96,8.96
2008-10-07,8.2,8.2,8.2,8.2
2008-10-08,7.61,7.61,7.61,7.61
2008-10-09,8.5,8.5,8.5,8.5
2008-10-10,7.33,7.33,7.33,7.33
2008-10-13,8.4,8.4,8.4,8.4
2008-10-14,8.12,8.12,8.12,8.12
2008-10-15,8.0,8.0,8.0,8.0
2008-10-16,7.72,7.72,7.72,7.72
2008-10-17,8.11,8.11,8.11,8.11
2008-10-20,8.16,8.16,8.16,8.16
2008-10-21,8.1001,8.1001,8.1001,8.1001
2008-10-22,8.02,8.02,8.02,8.02
2008-10-23,9.5,9.5,9.5,9.5
2008-10-24,9.04,9.04,9.04,9.04
2008-10-27,9.24,9.24,9.24,9.24
2008-10-28,9.1101,9.1101,9.1101,9.1101
2008-10-29,9.1,9.1,9.1,9.1
2008-10-30,9.2,9.2,9.2,9.2
2008-10-31,9.6,9.6,9.6,9.6
2008-11-03,9.61,9.61,9.61,9.61
2008-11-04,9.78,9.78,9.78,9.78
2008-11-05,9.53,9.53,9.53,9.53
2008-11-06,9.47,9.47,9.47,9.47
2008-11-07,9.44,9.44,9.44,9.44
2008-11-12,9.22,9.22,9.22,9.22
2008-11-13,8.77,8.77,8.77,8.77
2008-11-14,9.35,9.35,9.35,9.35
2008-11-17,9.36,9.36,9.36,9.36
2008-11-18,9.26,9.26,9.26,9.26
2008-11-19,9.15,9.15,9.15,9.15
2008-11-20,8.77,8.77,8.77,8.77
2008-11-21,6.85,6.85,6.85,6.85
2008-11-24,7.43,7.43,7.43,7.43
2008-11-25,7.5499,7.5499,7.5499,7.5499
2008-11-26,7.99,7.99,7.99,7.99
2008-11-28,8.0,8.0,8.0,8.0
2008-12-01,7.76,7.76,7.76,7.76
2008-12-02,7.98,7.98,7.98,7.98
2008-12-03,8.13,8.13,8.13,8.13
2008-12-04,8.41,8.41,8.41,8.41
2008-12-05,8.6199,8.6199,8.6199,8.6199
2008-12-08,8.8136,8.8136,8.8136,8.8136
2008-12-09,8.71,8.71,8.71,8.71
2008-12-10,8.8,8.8,8.8,8.8
2008-12-11,8.6,8.6,8.6,8.6
2008-12-12,8.64,8.64,8.64,8.64
2008-12-15,8.52,8.52,8.52,8.52
2008-12-16,8.9399,8.9399,8.9399,8.9399
2008-12-17,8.71,8.71,8.71,8.71
2008-12-18,9.22,9.22,9.22,9.22
2008-12-19,9.18,9.18,9.18,9.18
2008-12-22,9.14,9.14,9.14,9.14
2008-12-23,9.3,9.3,9.3,9.3
2008-12-24,9.25,9.25,9.25,9.25
2008-12-26,9.6,9.6,9.6,9.6
2008-12-29,9.5,9.5,9.5,9.5
2008-12-30,9.66,9.66,9.66,9.66
2008-12-31,9.58,9.58,9.58,9.58
2009-01-02,9.66,9.66,9.66,9.66
2009-01-05,9.57,9.57,9.57,9.57
2009-01-06,9.69,9.69,9.69,9.69
2009-01-08,9.36,9.36,9.36,9.36
2009-01-09,9.32,9.32,9.32,9.32
2009-01-12,9.31,9.31,9.31,9.31
2009-01-13,9.3,9.3,9.3,9.3
2009-01-14,9.21,9.21,9.21,9.21
2009-01-15,9.05,9.05,9.05,9.05
2009-01-16,9.01,9.01,9.01,9.01
2009-01-20,9.3,9.3,9.3,9.3
2009-01-21,8.92,8.92,8.92,8.92
2009-01-22,9.02,9.02,9.02,9.02
2009-01-23,9.06,9.06,9.06,9.06
2009-01-26,9.17,9.17,9.17,9.17
2009-01-28,9.84,9.84,9.84,9.84
2009-01-29,9.75,9.75,9.75,9.75
2009-01-30,9.54,9.54,9.54,9.54
2009-02-02,9.35,9.35,9.35,9.35
2009-02-03,9.52,9.52,9.52,9.52
2009-02-04,9.53,9.53,9.53,9.53
2009-02-05,9.53,9.53,9.53,9.53
2009-02-06,9.8,9.8,9.8,9.8
2009-02-09,9.84,9.84,9.84,9.84
2009-02-10,9.69,9.69,9.69,9.69
2009-02-11,9.8492,9.8492,9.8492,9.8492
2009-02-12,9.85,9.85,9.85,9.85
2009-02-13,9.87,9.87,9.87,9.87
2009-02-17,9.9981,9.9981,9.9981,9.9981
2009-02-18,9.9,9.9,9.9,9.9
2009-02-19,9.95,9.95,9.95,9.95
2009-02-20,9.9,9.9,9.9,9.9
2009-02-23,9.826,9.826,9.826,9.826
2009-02-24,9.82,9.82,9.82,9.82
2009-02-25,9.78,9.78,9.78,9.78
2009-02-26,9.9,9.9,9.9,9.9
2009-02-27,9.68,9.68,9.68,9.68
2009-03-02,9.0,9.0,9.0,9.0
2009-03-03,9.0,9.0,9.0,9.0
2009-03-04,8.6,8.6,8.6,8.6
2009-03-05,8.022,8.022,8.022,8.022
2009-03-06,8.0,8.0,8.0,8.0
2009-03-09,8.35,8.35,8.35,8.35
2009-03-10,9.64,9.64,9.64,9.64
2009-03-11,9.83,9.83,9.83,9.83
2009-03-12,10.03,10.03,10.03,10.03
2009-03-16,10.1,10.1,10.1,10.1
2009-03-17,10.25,10.25,10.25,10.25
2009-03-18,10.186,10.186,10.186,10.186
2009-03-19,10.21,10.21,10.21,10.21
2009-03-23,10.35,10.35,10.35,10.35
2009-03-24,10.4,10.4,10.4,10.4
2009-03-25,10.25,10.25,10.25,10.25
2009-03-26,10.25,10.25,10.25,10.25
2009-03-27,10.25,10.25,10.25,10.25
2009-03-30,9.9,9.9,9.9,9.9
2009-03-31,10.0,10.0,10.0,10.0
2009-04-01,9.85,9.85,9.85,9.85
2009-04-02,9.85,9.85,9.85,9.85
2009-04-03,9.91,9.91,9.91,9.91
2018-01-02,51.38,51.38,51.38,51.38
2018-01-03,50.87,50.87,50.87,50.87
2018-01-04,52.45,52.45,52.45,52.45
2018-01-05,52.0,52.0,52.0,52.0
2018-01-08,50.06,50.06,50.06,50.06
2018-01-09,50.06,50.06,50.06,50.06
2018-01-10,49.67,49.67,49.67,49.67
2018-01-11,50.51,50.51,50.51,50.51
2018-01-12,51.46,51.46,51.46,51.46
2018-01-16,51.31,51.31,51.31,51.31
2018-01-17,52.25,52.25,52.25,52.25
2018-01-18,51.92,51.92,51.92,51.92
2018-01-19,52.43,52.43,52.43,52.43
2018-01-22,52.95,52.95,52.95,52.95
2018-01-23,53.06,53.06,53.06,53.06
2018-01-24,52.88,52.88,52.88,52.88
2018-01-25,53.7,53.7,53.7,53.7
2018-01-26,54.0,54.0,54.0,54.0
2018-01-29,53.75,53.75,53.75,53.75
2018-01-30,53.3,53.3,53.3,53.3
2018-01-31,52.92,52.92,52.92,52.92
2018-02-01,52.97,52.97,52.97,52.97
2018-02-02,51.73,51.73,51.73,51.73
2018-02-05,50.33,50.33,50.33,50.33
2018-02-06,51.89,51.89,51.89,51.89
2018-02-07,52.65,52.65,52.65,52.65
2018-02-08,51.47,51.47,51.47,51.47
2018-02-09,51.35,51.35,51.35,51.35
2018-02-12,51.87,51.87,51.87,51.87
2018-02-13,51.25,51.25,51.25,51.25
2018-02-14,52.01,52.01,52.01,52.01
2018-02-15,52.83,52.83,52.83,52.83
2018-02-16,52.1,52.1,52.1,52.1
2018-02-20,52.04,52.04,52.04,52.04
2018-02-21,52.78,52.78,52.78,52.78
2018-02-22,53.04,53.04,53.04,53.04
2018-02-23,53.02,53.02,53.02,53.02
2018-02-26,53.62,53.62,53.62,53.62
2018-02-27,54.64,54.64,54.64,54.64
2018-02-28,53.26,53.26,53.26,53.26
2018-03-01,53.79,53.79,53.79,53.79
2018-03-02,55.08,55.08,55.08,55.08
2018-03-05,55.75,55.75,55.75,55.75
2018-03-06,57.01,57.01,57.01,57.01
2018-03-07,58.2,58.2,58.2,58.2
2018-03-08,57.17,57.17,57.17,57.17
2018-03-09,58.37,58.37,58.37,58.37
2018-03-12,58.57,58.57,58.57,58.57
2018-03-13,58.11,58.11,58.11,58.11
2018-03-14,58.11,58.11,58.11,58.11
2018-03-15,58.04,58.04,58.04,58.04
2018-03-16,57.63,57.63,57.63,57.63
2018-03-19,57.49,57.49,57.49,57.49
2018-03-20,57.3,57.3,57.3,57.3
2018-03-21,57.73,57.73,57.73,57.73
2018-03-22,56.91,56.91,56.91,56.91
2018-03-23,56.13,56.13,56.13,56.13
2018-03-26,56.56,56.56,56.56,56.56
2018-03-27,56.56,56.56,56.56,56.56
2018-03-28,57.08,57.08,57.08,57.08
2018-03-29,57.17,57.17,57.17,57.17
2018-04-02,55.68,55.68,55.68,55.68
2018-04-03,57.51,57.51,57.51,57.51
2018-04-04,58.67,58.67,58.67,58.67
2018-04-05,59.2709,59.2709,59.2709,59.2709
2018-04-06,57.8633,57.8633,57.8633,57.8633
2018-04-09,57.66,57.66,57.66,57.66
2018-04-10,57.18,57.18,57.18,57.18
2018-04-11,57.13,57.13,57.13,57.13
2018-04-12,57.24,57.24,57.24,57.24
2018-04-13,56.85,56.85,56.85,56.85
2018-04-16,56.8,56.8,56.8,56.8
2018-04-17,58.31,58.31,58.31,58.31
2018-04-18,58.8,58.8,58.8,58.8
2018-04-19,58.15,58.15,58.15,58.15
2018-04-20,57.92,57.92,57.92,57.92
2018-04-23,57.82,57.82,57.82,57.82
2018-04-24,57.39,57.39,57.39,57.39
2018-04-25,57.39,57.39,57.39,57.39
2018-04-26,58.0,58.0,58.0,58.0
2018-04-27,61.54,61.54,61.54,61.54
2018-04-30,60.82,60.82,60.82,60.82
2018-05-01,61.59,61.59,61.59,61.59
2018-05-02,62.36,62.36,62.36,62.36
2018-05-03,62.81,62.81,62.81,62.81
2018-05-04,62.88,62.88,62.88,62.88
2018-05-07,63.15,63.15,63.15,63.15
2018-05-08,63.34,63.34,63.34,63.34
2018-05-09,63.52,63.52,63.52,63.52
2018-05-10,63.68,63.68,63.68,63.68
2018-05-11,63.16,63.16,63.16,63.16
2018-05-14,62.75,62.75,62.75,62.75
2018-05-15,62.64,62.64,62.64,62.64
2018-05-16,63.27,63.27,63.27,63.27
2018-05-17,63.13,63.13,63.13,63.13
2018-05-18,62.9,62.9,62.9,62.9
2018-05-21,63.19,63.19,63.19,63.19
2018-05-22,63.79,63.79,63.79,63.79
2018-05-23,63.74,63.74,63.74,63.74
2018-05-24,63.79,63.79,63.79,63.79
2018-05-25,63.3,63.3,63.3,63.3
2018-05-29,64.05,64.05,64.05,64.05
2018-05-30,65.46,65.46,65.46,65.46
2018-05-31,64.75,64.75,64.75,64.75
2018-06-01,64.94,64.94,64.94,64.94
2018-06-04,65.74,65.74,65.74,65.74
2018-06-05,66.55,66.55,66.55,66.55
2018-06-06,66.54,66.54,66.54,66.54
2018-06-07,65.7,65.7,65.7,65.7
2018-06-08,66.31,66.31,66.31,66.31
2018-06-11,66.93,66.93,66.93,66.93
2018-06-12,66.63,66.63,66.63,66.63
2018-06-13,66.72,66.72,66.72,66.72
2018-06-14,67.46,67.46,67.46,67.46
2018-06-15,67.73,67.73,67.73,67.73
2018-06-18,67.71,67.71,67.71,67.71
2018-06-19,67.87,67.87,67.87,67.87
2018-06-20,69.24,69.24,69.24,69.24
2018-06-21,69.11,69.11,69.11,69.11
2018-06-22,66.92,66.92,66.92,66.92
2018-06-25,66.84,66.84,66.84,66.84
2018-06-26,68.06,68.06,68.06,68.06
2018-06-27,67.08,67.08,67.08,67.08
2018-06-28,68.07,68.07,68.07,68.07
2018-06-29,67.72,67.72,67.72,67.72
2018-07-02,67.7686,67.7686,67.7686,67.7686
2018-07-03,68.7,68.7,68.7,68.7
2018-07-05,68.67,68.67,68.67,68.67
2018-07-06,69.35,69.35,69.35,69.35
2018-07-09,69.3,69.3,69.3,69.3
2018-07-10,69.24,69.24,69.24,69.24
2018-07-11,68.66,68.66,68.66,68.66
2018-07-12,69.45,69.45,69.45,69.45
2018-07-13,69.3,69.3,69.3,69.3
2018-07-16,69.1,69.1,69.1,69.1
2018-07-17,69.39,69.39,69.39,69.39
2018-07-18,69.34,69.34,69.34,69.34
2018-07-19,70.25,70.25,70.25,70.25
2018-07-20,69.87,69.87,69.87,69.87
2018-07-23,69.85,69.85,69.85,69.85
2018-07-24,69.33,69.33,69.33,69.33
2018-07-25,70.42,70.42,70.42,70.42
2018-07-26,75.42,75.42,75.42,75.42
2018-07-27,74.76,74.76,74.76,74.76
2018-07-30,73.45,73.45,73.45,73.45
2018-07-31,75.63,75.63,75.63,75.63
2018-08-01,75.59,75.59,75.59,75.59
2018-08-02,77.68,77.68,77.68,77.68
2018-08-03,78.22,78.22,78.22,78.22
2018-08-06,78.22,78.22,78.22,78.22
2018-08-07,78.95,78.95,78.95,78.95
2018-08-08,78.43,78.43,78.43,78.43
2018-08-09,78.51,78.51,78.51,78.51
2018-08-10,78.98,78.98,78.98,78.98
2018-08-13,79.52,79.52,79.52,79.52
2018-08-14,79.76,79.76,79.76,79.76
2018-08-15,79.57,79.57,79.57,79.57
2018-08-16,79.52,79.52,79.52,79.52
2018-08-17,80.75,80.75,80.75,80.75
2018-08-20,81.45,81.45,81.45,81.45
2018-08-21,81.26,81.26,81.26,81.26
2018-08-22,82.35,82.35,82.35,82.35
2018-08-23,81.62,81.62,81.62,81.62
2018-08-24,81.4,81.4,81.4,81.4
2018-08-27,80.96,80.96,80.96,80.96
2018-08-28,81.04,81.04,81.04,81.04
2018-08-29,81.37,81.37,81.37,81.37
2018-08-30,80.66,80.66,80.66,80.66
2018-08-31,81.59,81.59,81.59,81.59
2018-09-04,81.36,81.36,81.36,81.36
2018-09-05,80.85,80.85,80.85,80.85
2018-09-06,80.88,80.88,80.88,80.88
2018-09-07,79.54,79.54,79.54,79.54
2018-09-10,79.27,79.27,79.27,79.27
2018-09-11,79.95,79.95,79.95,79.95
2018-09-12,80.15,80.15,80.15,80.15
2018-09-13,80.52,80.52,80.52,80.52
2018-09-14,80.21,80.21,80.21,80.21
2018-09-17,79.69,79.69,79.69,79.69
2018-09-18,79.87,79.87,79.87,79.87
2018-09-19,77.46,77.46,77.46,77.46
2018-09-20,77.29,77.29,77.29,77.29
2018-09-21,77.0,77.0,77.0,77.0
2018-09-24,77.15,77.15,77.15,77.15
2018-09-25,77.25,77.25,77.25,77.25
2018-09-26,77.2,77.2,77.2,77.2
2018-09-27,76.94,76.94,76.94,76.94
2018-09-28,77.95,77.95,77.95,77.95
2018-10-01,78.49,78.49,78.49,78.49
2018-10-02,77.935,77.935,77.935,77.935
2018-10-03,77.22,77.22,77.22,77.22
2018-10-04,76.21,76.21,76.21,76.21
2018-10-05,76.83,76.83,76.83,76.83
2018-10-08,76.59,76.59,76.59,76.59
2018-10-09,76.95,76.95,76.95,76.95
2018-10-10,75.49,75.49,75.49,75.49
2018-10-11,74.74,74.74,74.74,74.74
2018-10-12,74.28,74.28,74.28,74.28
2018-10-15,74.33,74.33,74.33,74.33
2018-10-16,75.52,75.52,75.52,75.52
2018-10-17,75.4,75.4,75.4,75.4
2018-10-18,75.92,75.92,75.92,75.92
2018-10-19,74.89,74.89,74.89,74.89
2018-10-22,75.01,75.01,75.01,75.01
2018-10-23,74.1,74.1,74.1,74.1
2018-10-24,72.39,72.39,72.39,72.39
2018-10-25,73.54,73.54,73.54,73.54
2018-10-26,71.91,71.91,71.91,71.91
2018-10-29,71.95,71.95,71.95,71.95
2018-10-30,67.82,67.82,67.82,67.82
2018-10-31,67.3,67.3,67.3,67.3
2018-11-01,67.75,67.75,67.75,67.75
2018-11-02,69.03,69.03,69.03,69.03
2018-11-05,70.41,70.41,70.41,70.41
2018-11-06,71.02,71.02,71.02,71.02
2018-11-07,73.36,73.36,73.36,73.36
2018-11-08,73.93,73.93,73.93,73.93
2018-11-09,73.22,73.22,73.22,73.22
2018-11-12,73.53,73.53,73.53,73.53
2018-11-13,71.91,71.91,71.91,71.91
2018-11-14,71.42,71.42,71.42,71.42
2018-11-15,72.32,72.32,72.32,72.32
2018-11-16,73.62,73.62,73.62,73.62
2018-11-19,71.72,71.72,71.72,71.72
2018-11-20,70.61,70.61,70.61,70.61
2018-11-21,70.8,70.8,70.8,70.8
2018-11-23,71.42,71.42,71.42,71.42
2018-11-26,71.97,71.97,71.97,71.97
2018-11-27,71.94,71.94,71.94,71.94
2018-11-28,72.95,72.95,72.95,72.95
2018-11-29,74.14,74.14,74.14,74.14
2018-11-30,75.21,75.21,75.21,75.21
2018-12-03,74.49,74.49,74.49,74.49
2018-12-04,73.01,73.01,73.01,73.01
2018-12-06,71.98,71.98,71.98,71.98
2018-12-07,71.283,71.283,71.283,71.283
2018-12-10,71.35,71.35,71.35,71.35
2018-12-11,72.51,72.51,72.51,72.51
2018-12-12,73.3,73.3,73.3,73.3
2018-12-13,72.04,72.04,72.04,72.04
2018-12-14,68.54,68.54,68.54,68.54
2018-12-17,66.68,66.68,66.68,66.68
2018-12-18,66.655,66.655,66.655,66.655
2018-12-19,64.78,64.78,64.78,64.78
2018-12-20,62.93,62.93,62.93,62.93
2018-12-21,61.6,61.6,61.6,61.6
2018-12-24,59.55,59.55,59.55,59.55
2018-12-26,61.97,61.97,61.97,61.97
2018-12-27,61.56,61.56,61.56,61.56
2018-12-28,61.34,61.34,61.34,61.34
2018-12-31,61.7,61.7,61.7,61.7
2019-01-02,61.27,61.27,61.27,61.27
2019-01-03,60.18,60.18,60.18,60.18
2019-01-04,61.66,61.66,61.66,61.66
2019-01-07,63.2,63.2,63.2,63.2
2019-01-08,64.53,64.53,64.53,64.53
2019-01-09,65.25,65.25,65.25,65.25
2019-01-10,64.33,64.33,64.33,64.33
2019-01-11,65.01,65.01,65.01,65.01
2019-01-14,65.06,65.06,65.06,65.06
2019-01-15,65.95,65.95,65.95,65.95
2019-01-16,65.84,65.84,65.84,65.84
2019-01-17,66.46,66.46,66.46,66.46
2019-01-18,66.48,66.48,66.48,66.48
2019-01-22,65.99,65.99,65.99,65.99
2019-01-23,66.97,66.97,66.97,66.97
2019-01-24,65.83,65.83,65.83,65.83
2019-01-25,67.43,67.43,67.43,67.43
2019-01-28,66.95,66.95,66.95,66.95
2019-01-29,67.58,67.58,67.58,67.58
2019-01-30,66.69,66.69,66.69,66.69
2019-01-31,66.84,66.84,66.84,66.84
2019-02-01,67.02,67.02,67.02,67.02
2019-02-04,67.71,67.71,67.71,67.71
2019-02-05,67.8,67.8,67.8,67.8
2019-02-06,68.08,68.08,68.08,68.08
2019-02-07,69.0,69.0,69.0,69.0
2019-02-08,65.1,65.1,65.1,65.1
2019-02-11,65.935,65.935,65.935,65.935
2019-02-12,65.69,65.69,65.69,65.69
2019-02-13,65.85,65.85,65.85,65.85
2019-02-14,66.21,66.21,66.21,66.21
2019-02-15,67.19,67.19,67.19,67.19
2019-02-19,66.34,66.34,66.34,66.34
2019-02-20,65.515,65.515,65.515,65.515
2019-02-21,65.39,65.39,65.39,65.39
2019-02-22,65.87,65.87,65.87,65.87
2019-02-25,65.81,65.81,65.81,65.81
2019-02-26,64.53,64.53,64.53,64.53
2019-02-27,63.29,63.29,63.29,63.29
2019-02-28,63.14,63.14,63.14,63.14
2019-03-01,63.77,63.77,63.77,63.77
2019-03-04,62.08,62.08,62.08,62.08
2019-03-05,61.79,61.79,61.79,61.79
2019-03-06,59.61,59.61,59.61,59.61
2019-03-07,59.01,59.01,59.01,59.01
2019-03-08,59.05,59.05,59.05,59.05
2019-03-11,59.39,59.39,59.39,59.39
2019-03-12,59.69,59.69,59.69,59.69
2019-03-13,60.06,60.06,60.06,60.06
2019-03-14,60.01,60.01,60.01,60.01
2019-03-15,59.73,59.73,59.73,59.73
2019-03-18,60.19,60.19,60.19,60.19
2019-03-19,60.66,60.66,60.66,60.66
2019-03-20,59.97,59.97,59.97,59.97
2019-03-21,61.36,61.36,61.36,61.36
2019-03-22,60.24,60.24,60.24,60.24
2019-03-25,59.61,59.61,59.61,59.61
2019-03-26,59.3,59.3,59.3,59.3
2019-03-27,58.46,58.46,58.46,58.46
2019-03-28,58.59,58.59,58.59,58.59
2019-03-29,58.4,58.4,58.4,58.4
2019-04-01,58.42,58.42,58.42,58.42
2019-04-02,58.33,58.33,58.33,58.33
2019-04-03,58.67,58.67,58.67,58.67
2019-04-04,59.73,59.73,59.73,59.73
2019-04-05,60.43,60.43,60.43,60.43
2019-04-08,60.33,60.33,60.33,60.33
2019-04-09,60.73,60.73,60.73,60.73
2019-04-10,61.04,61.04,61.04,61.04
2019-04-11,61.11,61.11,61.11,61.11
2019-04-12,61.06,61.06,61.06,61.06
2019-04-15,61.37,61.37,61.37,61.37
2019-04-16,58.89,58.89,58.89,58.89
2019-04-17,57.71,57.71,57.71,57.71
2019-04-18,61.27,61.27,61.27,61.27
2019-04-22,59.48,59.48,59.48,59.48
2019-04-23,61.97,61.97,61.97,61.97
2019-04-24,62.23,62.23,62.23,62.23
2019-04-25,62.74,62.74,62.74,62.74
2019-04-26,65.55,65.55,65.55,65.55
2019-04-29,64.5,64.5,64.5,64.5
2019-04-30,64.45,64.45,64.45,64.45
2019-05-01,62.97,62.97,62.97,62.97
2019-05-02,63.32,63.32,63.32,63.32
2019-05-03,64.48,64.48,64.48,64.48
2019-05-06,64.9097,64.9097,64.9097,64.9097
2019-05-07,64.115,64.115,64.115,64.115
2019-05-08,63.1351,63.1351,63.1351,63.1351
2019-05-09,62.1689,62.1689,62.1689,62.1689
2019-05-10,62.34,62.34,62.34,62.34
2019-05-13,61.58,61.58,61.58,61.58
2019-05-14,61.5,61.5,61.5,61.5
2019-05-15,60.75,60.75,60.75,60.75
2019-05-16,59.37,59.37,59.37,59.37
2019-05-17,59.25,59.25,59.25,59.25
2019-05-20,59.24,59.24,59.24,59.24
2019-05-21,59.96,59.96,59.96,59.96
2019-05-22,59.94,59.94,59.94,59.94
2019-05-23,59.52,59.52,59.52,59.52
2019-05-24,59.36,59.36,59.36,59.36
2019-05-28,59.14,59.14,59.14,59.14
2019-05-29,58.41,58.41,58.41,58.41
2019-05-30,59.31,59.31,59.31,59.31
2019-05-31,58.92,58.92,58.92,58.92
2019-06-03,59.6,59.6,59.6,59.6
2019-06-04,60.88,60.88,60.88,60.88
2019-06-05,60.41,60.41,60.41,60.41
2019-06-06,60.97,60.97,60.97,60.97
2019-06-07,59.04,59.04,59.04,59.04
2019-06-10,60.56,60.56,60.56,60.56
2019-06-11,60.1,60.1,60.1,60.1
2019-06-12,60.6,60.6,60.6,60.6
2019-06-13,60.55,60.55,60.55,60.55
2019-06-14,59.88,59.88,59.88,59.88
2019-06-17,60.72,60.72,60.72,60.72
2019-06-18,60.75,60.75,60.75,60.75
2019-06-19,61.29,61.29,61.29,61.29
2019-06-20,60.95,60.95,60.95,60.95
2019-06-21,61.96,61.96,61.96,61.96
2019-06-24,61.6,61.6,61.6,61.6
2019-06-25,62.21,62.21,62.21,62.21
2019-06-26,60.94,60.94,60.94,60.94
2019-06-27,61.99,61.99,61.99,61.99
2019-06-28,63.36,63.36,63.36,63.36
2019-07-01,62.56,62.56,62.56,62.56
2019-07-02,63.5,63.5,63.5,63.5
2019-07-03,63.32,63.32,63.32,63.32
2019-07-05,63.82,63.82,63.82,63.82
2019-07-08,62.86,62.86,62.86,62.86
2019-07-09,62.49,62.49,62.49,62.49
2019-07-10,62.37,62.37,62.37,62.37
2019-07-11,63.46,63.46,63.46,63.46
2019-07-12,64.55,64.55,64.55,64.55
2019-07-15,64.39,64.39,64.39,64.39
2019-07-16,64.13,64.13,64.13,64.13
2019-07-17,64.75,64.75,64.75,64.75
2019-07-18,65.4,65.4,65.4,65.4
2019-07-19,65.51,65.51,65.51,65.51
2019-07-22,65.69,65.69,65.69,65.69
2019-07-23,65.78,65.78,65.78,65.78
2019-07-24,66.93,66.93,66.93,66.93
2019-07-25,66.85,66.85,66.85,66.85
2019-07-26,67.55,67.55,67.55,67.55
2019-07-29,67.5,67.5,67.5,67.5
2019-07-30,64.83,64.83,64.83,64.83
2019-07-31,63.84,63.84,63.84,63.84
2019-08-01,62.36,62.36,62.36,62.36
2019-08-02,62.55,62.55,62.55,62.55
2019-08-05,60.13,60.13,60.13,60.13
2019-08-06,60.16,60.16,60.16,60.16
2019-08-07,63.22,63.22,63.22,63.22
2019-08-08,64.13,64.13,64.13,64.13
2019-08-09,63.18,63.18,63.18,63.18
2019-08-12,61.61,61.61,61.61,61.61
2019-08-13,62.36,62.36,62.36,62.36
2019-08-14,61.5,61.5,61.5,61.5
2019-08-15,60.54,60.54,60.54,60.54
2019-08-16,61.99,61.99,61.99,61.99
2019-08-19,62.26,62.26,62.26,62.26
2019-08-20,61.93,61.93,61.93,61.93
2019-08-21,62.58,62.58,62.58,62.58
2019-08-22,61.87,61.87,61.87,61.87
2019-08-23,60.48,60.48,60.48,60.48
2019-08-26,60.67,60.67,60.67,60.67
2019-08-27,58.5,58.5,58.5,58.5
2019-08-28,59.0,59.0,59.0,59.0
2019-08-29,60.5,60.5,60.5,60.5
2019-08-30,60.79,60.79,60.79,60.79
2019-09-03,60.74,60.74,60.74,60.74
2019-09-04,60.29,60.29,60.29,60.29
2019-09-05,61.02,61.02,61.02,61.02
2019-09-06,63.88,63.88,63.88,63.88
2019-09-09,64.27,64.27,64.27,64.27
2019-09-10,64.87,64.87,64.87,64.87
2019-09-11,65.38,65.38,65.38,65.38
2019-09-12,64.48,64.48,64.48,64.48
2019-09-13,63.79,63.79,63.79,63.79
2019-09-16,64.68,64.68,64.68,64.68
2019-09-17,63.6,63.6,63.6,63.6
2019-09-18,63.94,63.94,63.94,63.94
2019-09-19,64.42,64.42,64.42,64.42
2019-09-20,64.2577,64.2577,64.2577,64.2577
2019-09-23,64.31,64.31,64.31,64.31
2019-09-24,63.08,63.08,63.08,63.08
2019-09-25,63.42,63.42,63.42,63.42
2019-09-26,62.09,62.09,62.09,62.09
2019-09-27,62.19,62.19,62.19,62.19
2019-09-30,63.28,63.28,63.28,63.28
2019-10-01,62.88,62.88,62.88,62.88
2019-10-02,60.7,60.7,60.7,60.7
2019-10-03,62.06,62.06,62.06,62.06
2019-10-04,62.45,62.45,62.45,62.45
2019-10-07,63.08,63.08,63.08,63.08
2019-10-08,62.17,62.17,62.17,62.17
2019-10-09,63.28,63.28,63.28,63.28
2019-10-10,63.6,63.6,63.6,63.6
2019-10-11,64.18,64.18,64.18,64.18
2019-10-14,63.67,63.67,63.67,63.67
2019-10-15,64.5866,64.5866,64.5866,64.5866
2019-10-16,65.03,65.03,65.03,65.03
2019-10-17,66.39,66.39,66.39,66.39
2019-10-18,66.76,66.76,66.76,66.76
2019-10-21,66.49,66.49,66.49,66.49
2019-10-22,67.35,67.35,67.35,67.35
2019-10-23,67.26,67.26,67.26,67.26
2019-10-24,66.8,66.8,66.8,66.8
2019-10-25,67.68,67.68,67.68,67.68
2019-10-28,67.49,67.49,67.49,67.49
2019-10-29,63.73,63.73,63.73,63.73
2019-10-30,64.1,64.1,64.1,64.1
2019-10-31,67.5,67.5,67.5,67.5
2019-11-01,69.04,69.04,69.04,69.04
2019-11-04,69.87,69.87,69.87,69.87
2019-11-05,69.03,69.03,69.03,69.03
2019-11-06,70.05,70.05,70.05,70.05
2019-11-07,70.07,70.07,70.07,70.07
2019-11-08,70.03,70.03,70.03,70.03
2019-11-11,69.78,69.78,69.78,69.78
2019-11-12,69.85,69.85,69.85,69.85
2019-11-13,69.12,69.12,69.12,69.12
2019-11-14,69.21,69.21,69.21,69.21
2019-11-15,69.47,69.47,69.47,69.47
2019-11-18,70.3,70.3,70.3,70.3
2019-11-19,70.24,70.24,70.24,70.24
2019-11-20,70.0,70.0,70.0,70.0
2019-11-21,70.39,70.39,70.39,70.39
2019-11-22,70.83,70.83,70.83,70.83
2019-11-25,71.78,71.78,71.78,71.78
2019-11-26,71.14,71.14,71.14,71.14
2019-11-27,71.37,71.37,71.37,71.37
2019-11-29,70.71,70.71,70.71,70.71
2019-12-02,70.11,70.11,70.11,70.11
2019-12-03,70.55,70.55,70.55,70.55
2019-12-04,71.18,71.18,71.18,71.18
2019-12-05,71.31,71.31,71.31,71.31
2019-12-06,72.09,72.09,72.09,72.09
2019-12-09,71.59,71.59,71.59,71.59
2019-12-10,71.79,71.79,71.79,71.79
2019-12-11,70.67,70.67,70.67,70.67
2019-12-12,70.58,70.58,70.58,70.58
2019-12-13,70.39,70.39,70.39,70.39
2019-12-16,69.77,69.77,69.77,69.77
2019-12-17,69.89,69.89,69.89,69.89
2019-12-18,70.68,70.68,70.68,70.68
2019-12-19,70.09,70.09,70.09,70.09
2019-12-20,69.47,69.47,69.47,69.47
2019-12-23,69.52,69.52,69.52,69.52
2019-12-24,69.54,69.54,69.54,69.54
2019-12-26,69.45,69.45,69.45,69.45
2019-12-27,69.75,69.75,69.75,69.75
2019-12-30,69.3,69.3,69.3,69.3
2019-12-31,69.27,69.27,69.27,69.27
2020-01-02,69.16,69.16,69.16,69.16
2020-01-03,69.17,69.17,69.17,69.17
2020-01-06,68.92,68.92,68.92,68.92
2020-01-07,68.23,68.23,68.23,68.23
2020-01-08,68.9,68.9,68.9,68.9
2020-01-09,68.9,68.9,68.9,68.9
2020-01-10,71.07,71.07,71.07,71.07
2020-01-13,76.68,76.68,76.68,76.68
2020-01-14,77.55,77.55,77.55,77.55
2020-01-15,77.5,77.5,77.5,77.5
2020-01-16,80.25,80.25,80.25,80.25
2020-01-17,79.46,79.46,79.46,79.46
2020-01-21,79.175,79.175,79.175,79.175
2020-01-22,79.58,79.58,79.58,79.58
2020-01-23,78.98,78.98,78.98,78.98
2020-01-24,78.84,78.84,78.84,78.84
2020-01-27,77.34,77.34,77.34,77.34
2020-01-28,78.15,78.15,78.15,78.15
2020-01-29,77.15,77.15,77.15,77.15
2020-01-30,77.24,77.24,77.24,77.24
2020-01-31,77.03,77.03,77.03,77.03
2020-02-03,77.46,77.46,77.46,77.46
2020-02-04,78.66,78.66,78.66,78.66
2020-02-05,79.29,79.29,79.29,79.29
2020-02-06,79.79,79.79,79.79,79.79
2020-02-07,79.59,79.59,79.59,79.59
2020-02-10,81.84,81.84,81.84,81.84
2020-02-11,81.73,81.73,81.73,81.73
2020-02-12,82.12,82.12,82.12,82.12
2020-02-13,82.41,82.41,82.41,82.41
2020-02-14,82.61,82.61,82.61,82.61
2020-02-18,82.365,82.365,82.365,82.365
2020-02-19,82.81,82.81,82.81,82.81
2020-02-20,82.56,82.56,82.56,82.56
2020-02-21,81.64,81.64,81.64,81.64
2020-02-24,79.2,79.2,79.2,79.2
2020-02-25,76.87,76.87,76.87,76.87
2020-02-26,77.38,77.38,77.38,77.38
2020-02-27,75.12,75.12,75.12,75.12
2020-02-28,74.84,74.84,74.84,74.84
2020-03-02,76.54,76.54,76.54,76.54
2020-03-03,73.92,73.92,73.92,73.92
2020-03-04,82.05,82.05,82.05,82.05
2020-03-05,78.9,78.9,78.9,78.9
2020-03-06,77.26,77.26,77.26,77.26
2020-03-09,69.86,69.86,69.86,69.86
2020-03-10,71.74,71.74,71.74,71.74
2020-03-11,63.85,63.85,63.85,63.85
2020-03-12,59.0,59.0,59.0,59.0
2020-03-13,63.91,63.91,63.91,63.91
2020-03-16,57.53,57.53,57.53,57.53
2020-03-17,56.03,56.03,56.03,56.03
2020-03-18,52.92,52.92,52.92,52.92
2020-03-19,53.89,53.89,53.89,53.89
2020-03-20,50.54,50.54,50.54,50.54
2020-03-23,50.07,50.07,50.07,50.07
2020-03-24,54.93,54.93,54.93,54.93
2020-03-25,55.98,55.98,55.98,55.98
2020-03-26,59.46,59.46,59.46,59.46
2020-03-27,60.73,60.73,60.73,60.73
2020-03-30,62.52,62.52,62.52,62.52
2020-03-31,64.03,64.03,64.03,64.03
2020-04-01,60.69,60.69,60.69,60.69
2020-04-02,62.09,62.09,62.09,62.09
2020-04-03,60.08,60.08,60.08,60.08
2020-04-06,63.97,63.97,63.97,63.97
2020-04-07,65.08,65.08,65.08,65.08
2020-04-08,69.64,69.64,69.64,69.64
2020-04-09,71.38,71.38,71.38,71.38
2020-04-13,69.89,69.89,69.89,69.89
2020-04-14,70.81,70.81,70.81,70.81
2020-04-15,69.76,69.76,69.76,69.76
2020-04-16,70.05,70.05,70.05,70.05
2020-04-17,71.46,71.46,71.46,71.46
2020-04-20,69.53,69.53,69.53,69.53
2020-04-21,67.39,67.39,67.39,67.39
2020-04-22,67.72,67.72,67.72,67.72
2020-04-23,68.09,68.09,68.09,68.09
2020-04-24,68.07,68.07,68.07,68.07
2020-04-27,69.98,69.98,69.98,69.98
2020-04-28,67.42,67.42,67.42,67.42
2020-04-29,69.21,69.21,69.21,69.21
2020-04-30,66.25,66.25,66.25,66.25
2020-05-01,64.98,64.98,64.98,64.98
2020-05-04,64.66,64.66,64.66,64.66
2020-05-05,66.03,66.03,66.03,66.03
2020-05-06,65.11,65.11,65.11,65.11
2020-05-07,64.84,64.84,64.84,64.84
2020-05-08,67.98,67.98,67.98,67.98
2020-05-11,68.36,68.36,68.36,68.36
2020-05-12,65.57,65.57,65.57,65.57
2020-05-13,63.62,63.62,63.62,63.62
2020-05-14,63.39,63.39,63.39,63.39
2020-05-15,65.23,65.23,65.23,65.23
2020-05-18,70.02,70.02,70.02,70.02
2020-05-19,72.14,72.14,72.14,72.14
2020-05-20,71.99,71.99,71.99,71.99
2020-05-21,73.22,73.22,73.22,73.22
2020-05-22,73.17,73.17,73.17,73.17
2020-05-26,74.97,74.97,74.97,74.97
2020-05-27,74.68,74.68,74.68,74.68
2020-05-28,74.49,74.49,74.49,74.49
2020-05-29,73.25,73.25,73.25,73.25
2020-06-01,74.06,74.06,74.06,74.06
2020-06-02,73.85,73.85,73.85,73.85
2020-06-03,73.68,73.68,73.68,73.68
2020-06-04,71.59,71.59,71.59,71.59
2020-06-05,73.24,73.24,73.24,73.24
2020-06-08,74.56,74.56,74.56,74.56
2020-06-09,72.74,72.74,72.74,72.74
2020-06-10,71.67,71.67,71.67,71.67
2020-06-11,66.5,66.5,66.5,66.5
2020-06-12,66.0,66.0,66.0,66.0
2020-06-15,66.53,66.53,66.53,66.53
2020-06-16,67.22,67.22,67.22,67.22
2020-06-17,65.6,65.6,65.6,65.6
2020-06-18,65.23,65.23,65.23,65.23
2020-06-19,64.2385,64.2385,64.2385,64.2385
2020-06-22,63.74,63.74,63.74,63.74
2020-06-23,63.17,63.17,63.17,63.17
2020-06-24,61.35,61.35,61.35,61.35
2020-06-25,60.53,60.53,60.53,60.53
2020-06-26,59.31,59.31,59.31,59.31
2020-06-29,60.68,60.68,60.68,60.68
2020-06-30,61.93,61.93,61.93,61.93
2020-07-01,62.73,62.73,62.73,62.73
2020-07-02,62.15,62.15,62.15,62.15
2020-07-06,62.95,62.95,62.95,62.95
2020-07-07,62.0,62.0,62.0,62.0
2020-07-08,61.44,61.44,61.44,61.44
2020-07-09,60.29,60.29,60.29,60.29
2020-07-10,61.3,61.3,61.3,61.3
2020-07-13,60.85,60.85,60.85,60.85
2020-07-14,62.78,62.78,62.78,62.78
2020-07-15,65.21,65.21,65.21,65.21
2020-07-16,65.36,65.36,65.36,65.36
2020-07-17,65.0,65.0,65.0,65.0
2020-07-20,63.55,63.55,63.55,63.55
2020-07-21,65.47,65.47,65.47,65.47
2020-07-22,65.88,65.88,65.88,65.88
2020-07-23,66.65,66.65,66.65,66.65
2020-07-24,66.04,66.04,66.04,66.04
2020-07-27,66.5,66.5,66.5,66.5
2020-07-28,69.01,69.01,69.01,69.01
2020-07-29,69.72,69.72,69.72,69.72
2020-07-30,68.68,68.68,68.68,68.68
2020-07-31,68.08,68.08,68.08,68.08
2020-08-03,68.18,68.18,68.18,68.18
2020-08-04,68.03,68.03,68.03,68.03
2020-08-05,68.12,68.12,68.12,68.12
2020-08-06,68.07,68.07,68.07,68.07
2020-08-07,67.61,67.61,67.61,67.61
2020-08-10,67.19,67.19,67.19,67.19
2020-08-11,65.84,65.84,65.84,65.84
2020-08-12,65.19,65.19,65.19,65.19
2020-08-13,64.12,64.12,64.12,64.12
2020-08-14,64.1,64.1,64.1,64.1
2020-08-15,64.78,64.78,64.78,64.78
2020-08-17,62.62,62.62,62.62,62.62
2020-08-18,62.81,62.81,62.81,62.81
2020-08-19,62.23,62.23,62.23,62.23
2020-08-20,61.69,61.69,61.69,61.69
2020-08-21,61.65,61.65,61.65,61.65
2020-08-24,62.1,62.1,62.1,62.1
2020-08-25,61.7,61.7,61.7,61.7
2020-08-26,61.8,61.8,61.8,61.8
2020-08-27,65.14,65.14,65.14,65.14
2020-08-28,66.16,66.16,66.16,66.16
2020-08-31,65.24,65.24,65.24,65.24
2020-09-01,65.56,65.56,65.56,65.56
2020-09-02,67.06,67.06,67.06,67.06
2020-09-03,66.15,66.15,66.15,66.15
2020-09-04,66.14,66.14,66.14,66.14
2020-09-08,64.9,64.9,64.9,64.9
2020-09-09,63.71,63.71,63.71,63.71
2020-09-10,63.56,63.56,63.56,63.56
2020-09-11,63.92,63.92,63.92,63.92
